CompName,StartDateTime,EndDateTime,ElapsedTime,Model,TSID,TSName,OSDResults,FailureReason,SlowSite,USMTBackup,USMTRestore
PC0001,10/2/2018 10:04,10/2/2018 10:22,18.52,HP EliteBook Folio 1040 G3,MM100001,MiSCUG Demo - Windows (64bit) v 0.0,Failure,Redirect content to Nomad Cache (Images). ,TRUE,FALSE,FALSE
PC0002,10/2/2018 10:06,10/2/2018 10:23,17.22,HP EliteBook Folio 1040 G3,MM100001,MiSCUG Demo - Windows (64bit) v 0.0,Failure,Redirect content to Nomad Cache (Images). ,TRUE,FALSE,FALSE
PC0003,10/2/2018 10:09,10/2/2018 10:26,16.57,HP EliteBook Folio 1040 G3,MM100001,MiSCUG Demo - Windows (64bit) v 0.0,Failure,Redirect content to Nomad Cache (Images). ,TRUE,FALSE,FALSE
PC0004,10/2/2018 9:50,10/2/2018 10:48,58.17,HP ProDesk 600 G3 SFF,MM100001,MiSCUG Demo - Windows (64bit) v 0.0,Success,Success,FALSE,FALSE,FALSE
PC0005,10/2/2018 10:00,10/2/2018 10:57,57.18,HP ProDesk 600 G3 SFF,MM100001,MiSCUG Demo - Windows (64bit) v 0.0,Success,Success,FALSE,FALSE,FALSE
PC0006,10/2/2018 10:01,10/2/2018 11:04,63.08,HP ProDesk 600 G3 SFF,MM100001,MiSCUG Demo - Windows (64bit) v 0.0,Success,Success,FALSE,FALSE,FALSE
PC0007,10/2/2018 9:56,10/2/2018 11:08,71.5,HP Compaq Elite 8300 Ultra-Slim Desktop,MM100001,MiSCUG Demo - Windows (64bit) v 0.0,Success,Success,FALSE,FALSE,FALSE
PC0008,10/2/2018 9:47,10/2/2018 11:13,85.8,HP ProDesk 600 G3 SFF,MM100001,MiSCUG Demo - Windows (64bit) v 0.0,Success,Success,FALSE,FALSE,FALSE
PC0009,10/2/2018 10:23,10/2/2018 11:21,57.75,HP ProDesk 600 G3 SFF,MM100001,MiSCUG Demo - Windows (64bit) v 0.0,Success,Success,FALSE,FALSE,FALSE
PC0010,10/2/2018 10:51,10/2/2018 11:39,48.28,VMware Virtual Platform,MM100001,MiSCUG Demo - Windows (64bit) v 0.0,Success,Success,FALSE,FALSE,FALSE
PC0011,10/2/2018 11:01,10/2/2018 11:41,39.72,HP EliteDesk 800 G2 DM 35W,MM100001,MiSCUG Demo - Windows (64bit) v 0.0,Success,Success,FALSE,FALSE,FALSE
PC0012,10/2/2018 10:54,10/2/2018 11:49,54.63,HP Pro x2 612 G2,MM100001,MiSCUG Demo - Windows (64bit) v 0.0,Success,Success,FALSE,FALSE,FALSE
PC0013,10/2/2018 10:21,10/2/2018 11:49,88.02,HP ProDesk 400 G3 SFF,MM100001,MiSCUG Demo - Windows (64bit) v 0.0,Success,Success,FALSE,FALSE,TRUE
PC0014,10/2/2018 9:59,10/2/2018 11:57,117.65,HP EliteBook Folio 1040 G3,MM100001,MiSCUG Demo - Windows (64bit) v 0.0,Success,Success,FALSE,FALSE,FALSE
PC0015,10/2/2018 10:55,10/2/2018 11:57,62.13,HP Pro x2 612 G2,MM100001,MiSCUG Demo - Windows (64bit) v 0.0,Success,Success,FALSE,FALSE,FALSE
PC0016,10/2/2018 10:56,10/2/2018 12:01,64.45,HP ProDesk 600 G3 SFF,MM100001,MiSCUG Demo - Windows (64bit) v 0.0,Success,Success,FALSE,FALSE,FALSE
PC0017,10/2/2018 10:51,10/2/2018 12:01,70,HP Pro x2 612 G2,MM100001,MiSCUG Demo - Windows (64bit) v 0.0,Success,Success,FALSE,FALSE,FALSE
PC0018,10/2/2018 10:00,10/2/2018 12:04,124.35,HP Elite x2 1012 G2,MM100001,MiSCUG Demo - Windows (64bit) v 0.0,Failure,Run Invoke-MbamClientDeployment Script. ,FALSE,FALSE,FALSE
PC0019,10/2/2018 11:12,10/2/2018 12:06,54.63,HP ProDesk 600 G3 SFF,MM100001,MiSCUG Demo - Windows (64bit) v 0.0,Success,Success,FALSE,FALSE,FALSE
PC0020,10/2/2018 11:13,10/2/2018 12:08,55.23,HP ProDesk 600 G3 SFF,MM100001,MiSCUG Demo - Windows (64bit) v 0.0,Success,Success,FALSE,FALSE,FALSE
PC0021,10/2/2018 11:15,10/2/2018 12:09,54,HP ProDesk 600 G3 SFF,MM100001,MiSCUG Demo - Windows (64bit) v 0.0,Success,Success,FALSE,FALSE,FALSE
PC0022,10/2/2018 11:15,10/2/2018 12:12,57.78,HP ProDesk 600 G3 SFF,MM100001,MiSCUG Demo - Windows (64bit) v 0.0,Success,Success,FALSE,FALSE,FALSE
PC0023,10/2/2018 11:03,10/2/2018 12:13,69.85,HP ProDesk 600 G3 SFF,MM100001,MiSCUG Demo - Windows (64bit) v 0.0,Success,Success,FALSE,FALSE,FALSE
PC0024,10/2/2018 11:46,10/2/2018 12:23,37.2,Surface Pro 4,MM100001,MiSCUG Demo - Windows (64bit) v 0.0,Success,Success,FALSE,FALSE,FALSE
PC0025,10/2/2018 10:13,10/2/2018 12:44,150.08,HP Compaq Pro 6300 MT,MM100001,MiSCUG Demo - Windows (64bit) v 0.0,Success,Success,FALSE,FALSE,FALSE
PC0026,10/2/2018 11:43,10/2/2018 12:47,64.55,HP EliteBook Folio 1040 G3,MM100001,MiSCUG Demo - Windows (64bit) v 0.0,Success,Success,FALSE,FALSE,FALSE
PC0027,10/2/2018 11:43,10/2/2018 12:47,63.97,HP EliteBook Folio 1040 G3,MM100001,MiSCUG Demo - Windows (64bit) v 0.0,Success,Success,FALSE,FALSE,FALSE
PC0028,10/2/2018 11:23,10/2/2018 12:48,85.32,HP EliteBook 840 G3,MM100001,MiSCUG Demo - Windows (64bit) v 0.0,Success,Success,FALSE,FALSE,FALSE
PC0029,10/2/2018 11:34,10/2/2018 12:50,76.23,HP EliteBook 840 G3,MM100001,MiSCUG Demo - Windows (64bit) v 0.0,Success,Success,FALSE,FALSE,FALSE
PC0030,10/2/2018 11:47,10/2/2018 12:52,64.18,HP EliteBook Folio 1040 G3,MM100001,MiSCUG Demo - Windows (64bit) v 0.0,Success,Success,FALSE,FALSE,FALSE
PC0031,10/2/2018 11:23,10/2/2018 12:55,91.92,HP EliteBook Folio 1040 G3,MM100001,MiSCUG Demo - Windows (64bit) v 0.0,Success,Success,FALSE,TRUE,TRUE
PC0032,10/2/2018 10:55,10/2/2018 13:12,136.2,HP EliteBook 840 G1,MM100001,MiSCUG Demo - Windows (64bit) v 0.0,Success,Success,FALSE,FALSE,FALSE
PC0033,10/2/2018 11:51,10/2/2018 13:19,88.2,HP EliteBook 840 G3,MM100001,MiSCUG Demo - Windows (64bit) v 0.0,Success,Success,FALSE,FALSE,FALSE
PC0034,10/2/2018 11:45,10/2/2018 13:25,99.63,HP EliteBook Folio 1040 G3,MM100001,MiSCUG Demo - Windows (64bit) v 0.0,Success,Success,FALSE,FALSE,FALSE
PC0035,10/2/2018 11:46,10/2/2018 13:26,99.58,HP EliteBook Revolve 810 G3,MM100001,MiSCUG Demo - Windows (64bit) v 0.0,Success,Success,FALSE,FALSE,FALSE
PC0036,10/2/2018 12:14,10/2/2018 13:32,78,HP ProDesk 600 G2 SFF,MM100001,MiSCUG Demo - Windows (64bit) v 0.0,Success,Success,FALSE,FALSE,FALSE
PC0037,10/2/2018 11:46,10/2/2018 13:33,106.73,HP EliteBook Revolve 810 G3,MM100001,MiSCUG Demo - Windows (64bit) v 0.0,Success,Success,FALSE,FALSE,FALSE
PC0038,10/2/2018 12:27,10/2/2018 13:35,67.65,HP ProDesk 600 G3 SFF,MM100001,MiSCUG Demo - Windows (64bit) v 0.0,Success,Success,FALSE,FALSE,FALSE
PC0039,10/2/2018 12:44,10/2/2018 13:41,56.8,HP Pro x2 612 G2,MM100001,MiSCUG Demo - Windows (64bit) v 0.0,Success,Success,FALSE,FALSE,FALSE
PC0040,10/2/2018 12:31,10/2/2018 13:42,70.95,HP EliteBook 840 G1,MM100001,MiSCUG Demo - Windows (64bit) v 0.0,Success,Success,FALSE,FALSE,TRUE
PC0041,10/2/2018 11:46,10/2/2018 13:45,119.02,HP EliteBook Folio 1040 G3,MM100001,MiSCUG Demo - Windows (64bit) v 0.0,Success,Success,FALSE,FALSE,FALSE
PC0042,10/2/2018 13:19,10/2/2018 13:46,27.17,HP ProDesk 600 G3 SFF,MM100001,MiSCUG Demo - Windows (64bit) v 0.0,Failure,Apply the Windows 10 64bit Image. ,FALSE,FALSE,FALSE
PC0043,10/2/2018 12:41,10/2/2018 13:53,71.43,VMware Virtual Platform,MM100001,MiSCUG Demo - Windows (64bit) v 0.0,Success,Success,FALSE,FALSE,FALSE
PC0044,10/2/2018 13:13,10/2/2018 13:58,45.13,HP EliteDesk 800 G3 DM 35W,MM100001,MiSCUG Demo - Windows (64bit) v 0.0,Success,Success,FALSE,FALSE,FALSE
PC0045,10/2/2018 13:00,10/2/2018 14:01,61.63,HP EliteBook 840 G3,MM100001,MiSCUG Demo - Windows (64bit) v 0.0,Success,Success,FALSE,FALSE,FALSE
PC0046,10/2/2018 13:05,10/2/2018 14:16,70.58,HP Compaq Pro 6300 SFF,MM100001,MiSCUG Demo - Windows (64bit) v 0.0,Success,Success,FALSE,FALSE,FALSE
PC0047,10/2/2018 11:24,10/2/2018 14:30,186.48,HP EliteBook 840 G3,MM100001,MiSCUG Demo - Windows (64bit) v 0.0,Success,Success,FALSE,FALSE,FALSE
PC0048,10/2/2018 13:44,10/2/2018 14:30,46.7,VMware Virtual Platform,MM100001,MiSCUG Demo - Windows (64bit) v 0.0,Success,Success,FALSE,FALSE,FALSE
PC0049,10/2/2018 13:44,10/2/2018 14:31,47.82,VMware Virtual Platform,MM100001,MiSCUG Demo - Windows (64bit) v 0.0,Success,Success,FALSE,FALSE,FALSE
PC0050,10/2/2018 11:57,10/2/2018 14:54,176.43,HP Elite x2 1012 G2,MM100001,MiSCUG Demo - Windows (64bit) v 0.0,Success,Success,FALSE,FALSE,FALSE
PC0051,10/2/2018 13:57,10/2/2018 15:03,66.08,HP EliteBook 840 G1,MM100001,MiSCUG Demo - Windows (64bit) v 0.0,Success,Success,FALSE,FALSE,FALSE
PC0052,10/2/2018 14:05,10/2/2018 15:05,59.6,HP ProDesk 600 G3 SFF,MM100001,MiSCUG Demo - Windows (64bit) v 0.0,Success,Success,FALSE,FALSE,FALSE
PC0053,10/2/2018 14:29,10/2/2018 15:17,47.85,HP Z240 Tower Workstation,MM100001,MiSCUG Demo - Windows (64bit) v 0.0,Success,Success,FALSE,FALSE,FALSE
PC0054,10/2/2018 13:57,10/2/2018 15:19,82.42,HP EliteBook 840 G3,MM100001,MiSCUG Demo - Windows (64bit) v 0.0,Success,Success,FALSE,FALSE,FALSE
PC0055,10/2/2018 14:36,10/2/2018 15:19,42.93,Surface Pro 4,MM100001,MiSCUG Demo - Windows (64bit) v 0.0,Success,Success,FALSE,FALSE,FALSE
PC0056,10/2/2018 14:29,10/2/2018 15:36,66.68,HP ProDesk 600 G2 SFF,MM100001,MiSCUG Demo - Windows (64bit) v 0.0,Success,Success,FALSE,FALSE,FALSE
PC0057,10/2/2018 14:33,10/2/2018 15:47,74.18,HP EliteBook 840 G3,MM100001,MiSCUG Demo - Windows (64bit) v 0.0,Success,Success,FALSE,FALSE,TRUE
PC0058,10/2/2018 14:57,10/2/2018 15:54,57.2,HP Compaq Pro 6300 MT,MM100001,MiSCUG Demo - Windows (64bit) v 0.0,Success,Success,FALSE,FALSE,TRUE
PC0059,10/2/2018 15:13,10/2/2018 16:05,52.47,HP ProDesk 400 G3 DM,MM100001,MiSCUG Demo - Windows (64bit) v 0.0,Success,Success,FALSE,FALSE,FALSE
PC0060,10/2/2018 15:01,10/2/2018 16:09,68.2,HP EliteBook 840 G1,MM100001,MiSCUG Demo - Windows (64bit) v 0.0,Success,Success,FALSE,FALSE,TRUE
PC0061,10/2/2018 14:54,10/2/2018 16:19,84.67,HP ProDesk 600 G3 SFF,MM100001,MiSCUG Demo - Windows (64bit) v 0.0,Success,Success,FALSE,FALSE,FALSE
PC0062,10/2/2018 15:15,10/2/2018 16:25,70,HP ProBook 440 G5,MM100001,MiSCUG Demo - Windows (64bit) v 0.0,Success,Success,FALSE,FALSE,TRUE
PC0063,10/2/2018 15:17,10/2/2018 16:28,70.9,HP ProBook 440 G5,MM100001,MiSCUG Demo - Windows (64bit) v 0.0,Success,Success,FALSE,FALSE,TRUE
PC0064,10/2/2018 15:17,10/2/2018 16:31,73.5,HP ProDesk 600 G1 SFF,MM100001,MiSCUG Demo - Windows (64bit) v 0.0,Success,Success,FALSE,FALSE,FALSE
PC0065,10/2/2018 15:26,10/2/2018 16:34,68.17,HP ProDesk 600 G3 SFF,MM100001,MiSCUG Demo - Windows (64bit) v 0.0,Success,Success,FALSE,FALSE,TRUE
PC0066,10/2/2018 15:32,10/2/2018 16:34,62.2,HP ProDesk 400 G3 DM,MM100001,MiSCUG Demo - Windows (64bit) v 0.0,Success,Success,FALSE,FALSE,FALSE
PC0067,10/2/2018 14:40,10/2/2018 16:41,120.43,HP EliteBook 840 G3,MM100001,MiSCUG Demo - Windows (64bit) v 0.0,Success,Success,FALSE,FALSE,FALSE
PC0068,10/2/2018 15:42,10/2/2018 16:50,67.85,HP ProDesk 400 G3 DM,MM100001,MiSCUG Demo - Windows (64bit) v 0.0,Success,Success,FALSE,FALSE,FALSE
PC0069,10/2/2018 16:24,10/2/2018 17:27,62.38,HP Compaq Pro 6300 MT,MM100001,MiSCUG Demo - Windows (64bit) v 0.0,Success,Success,FALSE,FALSE,FALSE
PC0070,10/2/2018 16:52,10/2/2018 18:16,83.65,HP ProDesk 600 G2 SFF,MM100001,MiSCUG Demo - Windows (64bit) v 0.0,Success,Success,TRUE,FALSE,FALSE
PC0071,10/2/2018 15:52,10/2/2018 18:27,155,HP ProDesk 400 G3 DM,MM100001,MiSCUG Demo - Windows (64bit) v 0.0,Success,Success,FALSE,FALSE,FALSE
PC0072,10/2/2018 17:22,10/2/2018 18:40,78.7,HP Pro x2 612 G2,MM100001,MiSCUG Demo - Windows (64bit) v 0.0,Success,Success,FALSE,FALSE,FALSE
PC0073,10/2/2018 18:42,10/2/2018 19:56,73.72,HP EliteBook 840 G3,MM100001,MiSCUG Demo - Windows (64bit) v 0.0,Success,Success,FALSE,FALSE,TRUE
PC0074,10/2/2018 23:28,10/3/2018 0:25,56.93,HP ProDesk 600 G3 SFF,MM100001,MiSCUG Demo - Windows (64bit) v 0.0,Success,Success,FALSE,FALSE,TRUE
PC0075,10/3/2018 4:48,10/3/2018 6:24,96.22,HP ProDesk 600 G3 SFF,MM100001,MiSCUG Demo - Windows (64bit) v 0.0,Success,Success,FALSE,FALSE,FALSE
PC0076,10/3/2018 5:33,10/3/2018 6:49,75.83,HP EliteBook 840 G3,MM100001,MiSCUG Demo - Windows (64bit) v 0.0,Success,Success,FALSE,FALSE,FALSE
PC0077,10/3/2018 5:29,10/3/2018 6:51,82.7,HP EliteBook Folio 1040 G2,MM100001,MiSCUG Demo - Windows (64bit) v 0.0,Success,Success,FALSE,FALSE,TRUE
PC0078,10/3/2018 5:37,10/3/2018 6:51,74.92,HP ProDesk 600 G3 SFF,MM100001,MiSCUG Demo - Windows (64bit) v 0.0,Success,Success,FALSE,FALSE,FALSE
PC0079,10/2/2018 15:56,10/3/2018 7:36,940.75,HP ProDesk 600 G3 SFF,MM100001,MiSCUG Demo - Windows (64bit) v 0.0,Success,Success,FALSE,FALSE,FALSE
PC0080,10/3/2018 7:15,10/3/2018 8:14,59.03,HP EliteBook Folio 1040 G3,MM100001,MiSCUG Demo - Windows (64bit) v 0.0,Success,Success,FALSE,FALSE,TRUE
PC0081,10/3/2018 7:55,10/3/2018 9:16,80.37,HP ProDesk 600 G1 SFF,MM100001,MiSCUG Demo - Windows (64bit) v 0.0,Success,Success,FALSE,FALSE,FALSE
PC0082,10/3/2018 8:10,10/3/2018 9:37,86.75,HP ProDesk 600 G3 SFF,MM100001,MiSCUG Demo - Windows (64bit) v 0.0,Success,Success,FALSE,FALSE,FALSE
PC0083,10/3/2018 8:49,10/3/2018 9:41,51.82,HP Compaq Pro 6300 Small Form Factor,MM100001,MiSCUG Demo - Windows (64bit) v 0.0,Success,Success,FALSE,FALSE,FALSE
PC0084,10/3/2018 9:00,10/3/2018 9:46,45.3,HP Pro x2 612 G2,MM100001,MiSCUG Demo - Windows (64bit) v 0.0,Failure,Retry if the Initial Domain Join Failed. ,FALSE,FALSE,FALSE
PC0085,10/3/2018 8:55,10/3/2018 9:57,61.42,HP EliteBook 840 G3,MM100001,MiSCUG Demo - Windows (64bit) v 0.0,Success,Success,FALSE,FALSE,FALSE
PC0086,10/3/2018 8:57,10/3/2018 10:07,69.5,HP EliteBook Folio 1040 G2,MM100001,MiSCUG Demo - Windows (64bit) v 0.0,Success,Success,FALSE,FALSE,FALSE
PC0087,10/3/2018 9:08,10/3/2018 10:22,74.75,HP EliteBook 840 G3,MM100001,MiSCUG Demo - Windows (64bit) v 0.0,Success,Success,FALSE,FALSE,FALSE
PC0088,10/3/2018 9:21,10/3/2018 10:36,74.68,HP EliteBook 840 G3,MM100001,MiSCUG Demo - Windows (64bit) v 0.0,Success,Success,FALSE,FALSE,FALSE
PC0089,10/3/2018 10:12,10/3/2018 18:48,515.68,HP ProDesk 600 G1 SFF,MM100001,MiSCUG Demo - Windows (64bit) v 0.0,Failure,Downloading Driver Package. ,FALSE,FALSE,TRUE
PC0090,10/3/2018 9:20,10/3/2018 10:50,90,HP EliteBook 840 G3,MM100001,MiSCUG Demo - Windows (64bit) v 0.0,Success,Success,FALSE,FALSE,FALSE
PC0091,10/3/2018 9:59,10/3/2018 10:56,57.2,HP ProDesk 600 G3 SFF,MM100001,MiSCUG Demo - Windows (64bit) v 0.0,Success,Success,FALSE,FALSE,FALSE
PC0092,10/3/2018 8:57,10/3/2018 11:02,124.63,HP ProDesk 400 G4 SFF ,MM100001,MiSCUG Demo - Windows (64bit) v 0.0,Success,Success,FALSE,FALSE,FALSE
PC0093,10/3/2018 9:29,10/3/2018 11:03,93.8,HP ZBook Studio G3,MM100001,MiSCUG Demo - Windows (64bit) v 0.0,Success,Success,FALSE,FALSE,FALSE
PC0094,10/3/2018 9:29,10/3/2018 11:08,99.05,HP ZBook Studio G3,MM100001,MiSCUG Demo - Windows (64bit) v 0.0,Success,Success,FALSE,FALSE,FALSE
PC0095,10/3/2018 10:00,10/3/2018 11:17,77.57,HP Pro x2 612 G2,MM100001,MiSCUG Demo - Windows (64bit) v 0.0,Success,Success,FALSE,FALSE,FALSE
PC0096,10/3/2018 10:00,10/3/2018 11:19,79.07,HP Pro x2 612 G2,MM100001,MiSCUG Demo - Windows (64bit) v 0.0,Success,Success,FALSE,FALSE,FALSE
PC0097,10/3/2018 9:58,10/3/2018 11:25,86.42,HP EliteBook Folio 1040 G2,MM100001,MiSCUG Demo - Windows (64bit) v 0.0,Success,Success,FALSE,FALSE,FALSE
PC0098,10/3/2018 9:59,10/3/2018 11:29,90.1,HP EliteBook Folio 1040 G2,MM100001,MiSCUG Demo - Windows (64bit) v 0.0,Success,Success,FALSE,FALSE,FALSE
PC0099,10/3/2018 10:34,10/3/2018 11:35,61.48,HP EliteBook 840 G3,MM100001,MiSCUG Demo - Windows (64bit) v 0.0,Success,Success,FALSE,FALSE,FALSE
PC0100,10/3/2018 10:23,10/3/2018 11:37,74.07,HP Z240 Tower Workstation,MM100001,MiSCUG Demo - Windows (64bit) v 0.0,Success,Success,FALSE,FALSE,FALSE
PC0101,10/3/2018 10:40,10/3/2018 11:40,60.65,HP ProDesk 600 G3 SFF,MM100001,MiSCUG Demo - Windows (64bit) v 0.0,Success,Success,FALSE,FALSE,FALSE
PC0102,10/3/2018 9:34,10/3/2018 11:42,127.45,HP Compaq Pro 6300 SFF,MM100001,MiSCUG Demo - Windows (64bit) v 0.0,Success,Success,FALSE,FALSE,FALSE
PC0103,10/3/2018 11:35,10/3/2018 11:46,11.07,HP ProDesk 600 G3 SFF,MM100001,MiSCUG Demo - Windows (64bit) v 0.0,Failure,CorePE Menu Options. ,FALSE,,
PC0104,10/3/2018 10:58,10/3/2018 11:53,55.03,HP ProDesk 600 G3 SFF,MM100001,MiSCUG Demo - Windows (64bit) v 0.0,Success,Success,FALSE,FALSE,FALSE
PC0105,10/3/2018 10:52,10/3/2018 11:56,64.85,HP ProDesk 600 G3 SFF,MM100001,MiSCUG Demo - Windows (64bit) v 0.0,Success,Success,FALSE,FALSE,FALSE
PC0106,10/3/2018 11:13,10/3/2018 12:13,59.55,HP ProDesk 600 G3 SFF,MM100001,MiSCUG Demo - Windows (64bit) v 0.0,Success,Success,FALSE,FALSE,FALSE
PC0107,10/3/2018 9:52,10/3/2018 12:17,144.98,HP EliteBook 840 G3,MM100001,MiSCUG Demo - Windows (64bit) v 0.0,Success,Success,FALSE,FALSE,FALSE
PC0108,10/3/2018 11:13,10/3/2018 12:25,71.72,HP EliteBook 840 G3,MM100001,MiSCUG Demo - Windows (64bit) v 0.0,Success,Success,FALSE,FALSE,FALSE
PC0109,10/3/2018 11:38,10/3/2018 12:30,51.47,HP ProDesk 400 G3 DM,MM100001,MiSCUG Demo - Windows (64bit) v 0.0,Success,Success,FALSE,FALSE,FALSE
PC0110,10/3/2018 11:59,10/3/2018 12:37,37.25,Surface Pro 4,MM100001,MiSCUG Demo - Windows (64bit) v 0.0,Success,Success,FALSE,FALSE,FALSE
PC0111,10/3/2018 11:48,10/3/2018 12:41,53.45,HP ProDesk 600 G3 SFF,MM100001,MiSCUG Demo - Windows (64bit) v 0.0,Success,Success,FALSE,FALSE,TRUE
PC0112,10/3/2018 11:48,10/3/2018 12:43,55.28,HP ProDesk 600 G3 SFF,MM100001,MiSCUG Demo - Windows (64bit) v 0.0,Success,Success,FALSE,FALSE,TRUE
PC0113,10/3/2018 11:52,10/3/2018 12:45,52.95,HP ProDesk 400 G3 DM,MM100001,MiSCUG Demo - Windows (64bit) v 0.0,Success,Success,FALSE,FALSE,FALSE
PC0114,10/3/2018 12:22,10/3/2018 12:46,24.12,HP Compaq Pro 6300 SFF,MM100001,MiSCUG Demo - Windows (64bit) v 0.0,Failure,Execute USMT PreScan Script (Full System). ,FALSE,TRUE,TRUE
PC0115,10/3/2018 10:49,10/3/2018 12:47,117.78,HP ProDesk 600 G1 SFF,MM100001,MiSCUG Demo - Windows (64bit) v 0.0,Success,Success,FALSE,FALSE,FALSE
PC0116,10/3/2018 12:01,10/3/2018 12:49,47.62,VMware Virtual Platform,MM100001,MiSCUG Demo - Windows (64bit) v 0.0,Success,Success,FALSE,FALSE,FALSE
PC0117,10/3/2018 12:16,10/3/2018 20:57,520.95,HP ProDesk 600 G1 SFF,MM100001,MiSCUG Demo - Windows (64bit) v 0.0,Failure,Downloading Driver Package. ,FALSE,FALSE,TRUE
PC0118,10/3/2018 12:08,10/3/2018 13:02,54.6,HP ProDesk 400 G3 DM,MM100001,MiSCUG Demo - Windows (64bit) v 0.0,Success,Success,FALSE,FALSE,FALSE
PC0119,10/3/2018 12:05,10/3/2018 13:14,69.58,HP ProBook 440 G5,MM100001,MiSCUG Demo - Windows (64bit) v 0.0,Success,Success,FALSE,FALSE,FALSE
PC0120,10/3/2018 12:11,10/3/2018 13:20,68.62,HP ProDesk 600 G3 SFF,MM100001,MiSCUG Demo - Windows (64bit) v 0.0,Success,Success,FALSE,FALSE,FALSE
PC0121,10/3/2018 11:59,10/3/2018 13:22,82.57,HP ZBook Studio G3,MM100001,MiSCUG Demo - Windows (64bit) v 0.0,Success,Success,FALSE,FALSE,FALSE
PC0122,10/3/2018 11:59,10/3/2018 13:22,83.07,HP EliteBook 840 G3,MM100001,MiSCUG Demo - Windows (64bit) v 0.0,Success,Success,FALSE,FALSE,FALSE
PC0123,10/3/2018 13:07,10/3/2018 13:25,17.33,HP ProDesk 600 G3 SFF,MM100001,MiSCUG Demo - Windows (64bit) v 0.0,Failure,CorePE Authentication. ,FALSE,,
PC0124,10/3/2018 12:12,10/3/2018 13:25,73.2,HP EliteBook Folio 1040 G1,MM100001,MiSCUG Demo - Windows (64bit) v 0.0,Success,Success,FALSE,FALSE,TRUE
PC0125,10/3/2018 12:21,10/3/2018 13:28,66.92,HP EliteBook 8470p,MM100001,MiSCUG Demo - Windows (64bit) v 0.0,Success,Success,FALSE,FALSE,FALSE
PC0126,10/3/2018 12:15,10/3/2018 13:33,78.17,HP ProBook 440 G5,MM100001,MiSCUG Demo - Windows (64bit) v 0.0,Success,Success,FALSE,FALSE,FALSE
PC0127,10/3/2018 12:15,10/3/2018 13:34,78.75,HP ProBook 440 G5,MM100001,MiSCUG Demo - Windows (64bit) v 0.0,Success,Success,FALSE,FALSE,FALSE
PC0128,10/3/2018 12:40,10/3/2018 13:34,53.9,HP ProDesk 600 G3 SFF,MM100001,MiSCUG Demo - Windows (64bit) v 0.0,Success,Success,FALSE,FALSE,FALSE
PC0129,10/3/2018 12:54,10/3/2018 13:36,41.42,Surface Pro 4,MM100001,MiSCUG Demo - Windows (64bit) v 0.0,Success,Success,FALSE,FALSE,FALSE
PC0130,10/3/2018 11:15,10/3/2018 13:40,145.23,HP Elite x2 1012 G2,MM100001,MiSCUG Demo - Windows (64bit) v 0.0,Success,Success,FALSE,FALSE,FALSE
PC0131,10/3/2018 12:45,10/3/2018 13:44,58.62,HP ProDesk 600 G3 SFF,MM100001,MiSCUG Demo - Windows (64bit) v 0.0,Success,Success,FALSE,FALSE,FALSE
PC0132,10/2/2018 16:34,10/3/2018 13:45,1271.63,Surface Pro,MM100001,MiSCUG Demo - Windows (64bit) v 0.0,Failure,Run Invoke-MbamClientDeployment Script. ,FALSE,FALSE,FALSE
PC0133,10/3/2018 12:49,10/3/2018 13:54,64.57,HP ProDesk 600 G3 SFF,MM100001,MiSCUG Demo - Windows (64bit) v 0.0,Success,Success,FALSE,FALSE,FALSE
PC0134,10/3/2018 13:08,10/3/2018 13:54,46.47,HP Z240 Tower Workstation,MM100001,MiSCUG Demo - Windows (64bit) v 0.0,Success,Success,FALSE,FALSE,FALSE
PC0135,10/3/2018 12:57,10/3/2018 14:07,69.62,HP EliteBook Folio 1040 G3,MM100001,MiSCUG Demo - Windows (64bit) v 0.0,Success,Success,FALSE,FALSE,FALSE
PC0136,10/3/2018 13:56,10/3/2018 14:07,10.92,HP Compaq Pro 6300 SFF,MM100001,MiSCUG Demo - Windows (64bit) v 0.0,Failure,Execute USMT PreScan Script (Full System). ,FALSE,TRUE,TRUE
PC0137,10/3/2018 12:29,10/3/2018 14:14,104.65,VMware Virtual Platform,MM100001,MiSCUG Demo - Windows (64bit) v 0.0,Success,Success,FALSE,FALSE,FALSE
PC0138,10/3/2018 13:32,10/3/2018 14:31,58.43,HP ProDesk 600 G3 SFF,MM100001,MiSCUG Demo - Windows (64bit) v 0.0,Success,Success,FALSE,FALSE,FALSE
PC0139,10/3/2018 13:29,10/3/2018 14:33,63.63,HP ProDesk 600 G3 SFF,MM100001,MiSCUG Demo - Windows (64bit) v 0.0,Success,Success,FALSE,FALSE,FALSE
PC0140,10/3/2018 13:51,10/3/2018 22:33,522.25,HP ProDesk 600 G1 SFF,MM100001,MiSCUG Demo - Windows (64bit) v 0.0,Failure,Downloading Driver Package. ,FALSE,FALSE,TRUE
PC0141,10/3/2018 13:07,10/3/2018 14:38,91.27,HP EliteBook 840 G5,MM100001,MiSCUG Demo - Windows (64bit) v 0.0,Success,Success,FALSE,FALSE,FALSE
PC0142,10/3/2018 13:08,10/3/2018 14:39,90.82,HP EliteBook 840 G3,MM100001,MiSCUG Demo - Windows (64bit) v 0.0,Success,Success,FALSE,FALSE,FALSE
PC0143,10/3/2018 13:33,10/3/2018 14:42,68.43,HP Compaq Pro 6300 SFF,MM100001,MiSCUG Demo - Windows (64bit) v 0.0,Success,Success,FALSE,FALSE,FALSE
PC0144,10/3/2018 13:30,10/3/2018 14:43,73.35,HP ProDesk 600 G3 SFF,MM100001,MiSCUG Demo - Windows (64bit) v 0.0,Success,Success,FALSE,FALSE,TRUE
PC0145,10/3/2018 13:30,10/3/2018 14:45,74.9,HP ProDesk 400 G3 DM,MM100001,MiSCUG Demo - Windows (64bit) v 0.0,Success,Success,FALSE,FALSE,FALSE
PC0146,10/3/2018 12:57,10/3/2018 14:52,115.33,HP ProDesk 600 G3 SFF,MM100001,MiSCUG Demo - Windows (64bit) v 0.0,Success,Success,FALSE,FALSE,FALSE
PC0147,10/3/2018 13:23,10/3/2018 14:56,93.25,HP ProDesk 600 G3 SFF,MM100001,MiSCUG Demo - Windows (64bit) v 0.0,Success,Success,FALSE,FALSE,FALSE
PC0148,10/3/2018 14:41,10/3/2018 14:58,16.82,HP ProDesk 600 G3 SFF,MM100001,MiSCUG Demo - Windows (64bit) v 0.0,Failure,CorePE Authentication. ,FALSE,,
PC0149,10/3/2018 12:06,10/3/2018 15:08,181.93,HP EliteBook Folio 1040 G1,MM100001,MiSCUG Demo - Windows (64bit) v 0.0,Success,Success,FALSE,FALSE,TRUE
PC0150,10/3/2018 13:39,10/3/2018 15:18,98.98,HP Compaq Pro 6300 SFF,MM100001,MiSCUG Demo - Windows (64bit) v 0.0,Success,Success,FALSE,FALSE,FALSE
PC0151,10/3/2018 14:17,10/3/2018 15:20,62.33,HP Compaq Pro 6300 SFF,MM100001,MiSCUG Demo - Windows (64bit) v 0.0,Success,Success,FALSE,FALSE,TRUE
PC0152,10/3/2018 13:53,10/3/2018 15:22,88.98,HP Z240 Tower Workstation,MM100001,MiSCUG Demo - Windows (64bit) v 0.0,Success,Success,FALSE,FALSE,TRUE
PC0153,10/3/2018 7:43,10/3/2018 15:34,471.63,HP EliteBook 840 G2,MM100001,MiSCUG Demo - Windows (64bit) v 0.0,Success,Success,FALSE,FALSE,FALSE
PC0154,10/3/2018 10:36,10/3/2018 15:50,313.8,HP EliteBook Folio 1040 G1,MM100001,MiSCUG Demo - Windows (64bit) v 0.0,Success,Success,FALSE,FALSE,FALSE
PC0155,10/3/2018 14:42,10/3/2018 15:51,68.35,HP EliteBook 840 G3,MM100001,MiSCUG Demo - Windows (64bit) v 0.0,Success,Success,FALSE,TRUE,TRUE
PC0156,10/3/2018 14:36,10/3/2018 15:51,74.63,HP Pro x2 612 G2,MM100001,MiSCUG Demo - Windows (64bit) v 0.0,Success,Success,FALSE,FALSE,FALSE
PC0157,10/3/2018 14:42,10/3/2018 23:51,548.87,HP ProDesk 600 G1 SFF,MM100001,MiSCUG Demo - Windows (64bit) v 0.0,Failure,Downloading Driver Package. ,FALSE,FALSE,TRUE
PC0158,10/3/2018 15:05,10/3/2018 15:53,48.58,HP ProDesk 600 G3 SFF,MM100001,MiSCUG Demo - Windows (64bit) v 0.0,Success,Success,FALSE,FALSE,FALSE
PC0159,10/3/2018 15:03,10/3/2018 16:16,72.55,HP Pro x2 612 G2,MM100001,MiSCUG Demo - Windows (64bit) v 0.0,Success,Success,FALSE,FALSE,FALSE
PC0160,10/3/2018 15:19,10/3/2018 16:19,59.38,HP ProDesk 600 G3 SFF,MM100001,MiSCUG Demo - Windows (64bit) v 0.0,Success,Success,FALSE,FALSE,FALSE
PC0161,10/3/2018 16:11,10/3/2018 17:09,58,HP ProDesk 600 G3 SFF,MM100001,MiSCUG Demo - Windows (64bit) v 0.0,Success,Success,FALSE,FALSE,FALSE
PC0162,10/3/2018 15:26,10/3/2018 17:10,104.23,HP ZBook Studio G3,MM100001,MiSCUG Demo - Windows (64bit) v 0.0,Success,Success,FALSE,FALSE,FALSE
PC0163,10/3/2018 16:27,10/3/2018 17:27,59.9,HP ProDesk 400 G4 SFF ,MM100001,MiSCUG Demo - Windows (64bit) v 0.0,Success,Success,FALSE,FALSE,FALSE
PC0164,10/3/2018 9:41,10/3/2018 17:28,467.45,HP EliteBook 840 G3,MM100001,MiSCUG Demo - Windows (64bit) v 0.0,Success,Success,FALSE,FALSE,FALSE
PC0165,10/3/2018 16:49,10/3/2018 17:31,41.3,HP ProDesk 400 G3 DM,MM100001,MiSCUG Demo - Windows (64bit) v 0.0,Success,Success,FALSE,FALSE,FALSE
PC0166,10/3/2018 16:44,10/3/2018 17:38,54.52,HP ProDesk 400 G4 SFF ,MM100001,MiSCUG Demo - Windows (64bit) v 0.0,Success,Success,FALSE,FALSE,FALSE
PC0167,10/3/2018 16:28,10/3/2018 17:44,76.18,HP Pro x2 612 G2,MM100001,MiSCUG Demo - Windows (64bit) v 0.0,Success,Success,FALSE,FALSE,FALSE
PC0168,10/3/2018 16:46,10/3/2018 17:45,59.03,HP ProDesk 600 G3 SFF,MM100001,MiSCUG Demo - Windows (64bit) v 0.0,Success,Success,FALSE,FALSE,FALSE
PC0169,10/3/2018 16:50,10/3/2018 17:49,58.65,HP ProDesk 600 G1 SFF,MM100001,MiSCUG Demo - Windows (64bit) v 0.0,Success,Success,FALSE,FALSE,FALSE
PC0170,10/3/2018 16:42,10/3/2018 17:50,67.68,HP ProDesk 600 G1 SFF,MM100001,MiSCUG Demo - Windows (64bit) v 0.0,Success,Success,FALSE,FALSE,TRUE
PC0171,10/3/2018 16:50,10/3/2018 17:50,59.55,HP ProDesk 600 G1 SFF,MM100001,MiSCUG Demo - Windows (64bit) v 0.0,Success,Success,FALSE,FALSE,FALSE
PC0172,10/3/2018 17:24,10/3/2018 18:09,44.95,HP ProDesk 600 G1 SFF,MM100001,MiSCUG Demo - Windows (64bit) v 0.0,Success,Success,FALSE,FALSE,FALSE
PC0173,10/3/2018 17:02,10/3/2018 18:13,70.23,HP ProDesk 600 G1 SFF,MM100001,MiSCUG Demo - Windows (64bit) v 0.0,Success,Success,FALSE,FALSE,FALSE
PC0174,10/3/2018 17:02,10/3/2018 18:14,71.93,HP ProDesk 600 G1 SFF,MM100001,MiSCUG Demo - Windows (64bit) v 0.0,Success,Success,FALSE,FALSE,FALSE
PC0175,10/3/2018 18:09,10/3/2018 18:43,33.7,HP ProDesk 400 G3 DM,MM100001,MiSCUG Demo - Windows (64bit) v 0.0,Success,Success,FALSE,FALSE,FALSE
PC0176,10/3/2018 18:26,10/3/2018 19:10,44.55,HP ProDesk 600 G1 SFF,MM100001,MiSCUG Demo - Windows (64bit) v 0.0,Success,Success,FALSE,FALSE,FALSE
PC0177,10/3/2018 18:40,10/3/2018 19:35,54.67,HP ProDesk 600 G1 SFF,MM100001,MiSCUG Demo - Windows (64bit) v 0.0,Success,Success,FALSE,FALSE,FALSE
PC0178,10/3/2018 17:36,10/3/2018 20:08,151.62,HP ProDesk 600 G3 SFF,MM100001,MiSCUG Demo - Windows (64bit) v 0.0,Success,Success,FALSE,FALSE,TRUE
PC0179,10/3/2018 19:10,10/3/2018 20:08,58.38,HP ProDesk 600 G3 SFF,MM100001,MiSCUG Demo - Windows (64bit) v 0.0,Success,Success,FALSE,FALSE,FALSE
PC0180,10/3/2018 19:56,10/3/2018 20:27,31.95,HP ProDesk 400 G3 DM,MM100001,MiSCUG Demo - Windows (64bit) v 0.0,Success,Success,FALSE,FALSE,FALSE
PC0181,10/3/2018 20:18,10/3/2018 21:12,53.63,HP ProDesk 600 G1 SFF,MM100001,MiSCUG Demo - Windows (64bit) v 0.0,Success,Success,FALSE,FALSE,FALSE
PC0182,10/4/2018 7:20,10/4/2018 8:29,69.27,HP EliteBook 840 G5,MM100001,MiSCUG Demo - Windows (64bit) v 0.0,Success,Success,FALSE,FALSE,TRUE
PC0183,10/4/2018 7:31,10/4/2018 8:32,60.33,HP EliteDesk 800 G3 DM 35W,MM100001,MiSCUG Demo - Windows (64bit) v 0.0,Success,Success,FALSE,FALSE,FALSE
PC0184,10/4/2018 7:16,10/4/2018 8:33,76.78,HP ProDesk 600 G3 SFF,MM100001,MiSCUG Demo - Windows (64bit) v 0.0,Success,Success,FALSE,FALSE,FALSE
PC0185,10/4/2018 8:02,10/4/2018 8:52,50.3,HP Z240 Tower Workstation,MM100001,MiSCUG Demo - Windows (64bit) v 0.0,Success,Success,FALSE,FALSE,FALSE
PC0186,10/4/2018 7:40,10/4/2018 8:53,73.35,HP EliteBook 840 G5,MM100001,MiSCUG Demo - Windows (64bit) v 0.0,Success,Success,FALSE,FALSE,TRUE
PC0187,10/4/2018 7:43,10/4/2018 9:21,98.38,HP EliteBook 840 G5,MM100001,MiSCUG Demo - Windows (64bit) v 0.0,Success,Success,FALSE,FALSE,FALSE
PC0188,10/4/2018 8:20,10/4/2018 9:28,68.12,HP ProDesk 600 G3 SFF,MM100001,MiSCUG Demo - Windows (64bit) v 0.0,Success,Success,FALSE,FALSE,FALSE
PC0189,10/4/2018 8:04,10/4/2018 9:35,91.43,HP EliteBook Folio 1040 G1,MM100001,MiSCUG Demo - Windows (64bit) v 0.0,Success,Success,FALSE,FALSE,FALSE
PC0190,10/4/2018 8:12,10/4/2018 9:49,97.18,HP ProDesk 600 G3 SFF,MM100001,MiSCUG Demo - Windows (64bit) v 0.0,Success,Success,FALSE,FALSE,FALSE
PC0191,10/4/2018 8:43,10/4/2018 9:52,68.82,HP ProDesk 600 G1 SFF,MM100001,MiSCUG Demo - Windows (64bit) v 0.0,Success,Success,FALSE,FALSE,FALSE
PC0192,10/4/2018 8:12,10/4/2018 9:58,106.07,HP ProDesk 600 G3 SFF,MM100001,MiSCUG Demo - Windows (64bit) v 0.0,Success,Success,FALSE,FALSE,FALSE
PC0193,10/4/2018 9:01,10/4/2018 10:08,66.87,HP EliteBook Folio 1040 G1,MM100001,MiSCUG Demo - Windows (64bit) v 0.0,Success,Success,FALSE,TRUE,TRUE
PC0194,10/4/2018 9:34,10/4/2018 10:08,33.7,Surface Pro 4,MM100001,MiSCUG Demo - Windows (64bit) v 0.0,Success,Success,FALSE,FALSE,FALSE
PC0195,10/4/2018 9:16,10/4/2018 10:16,59.48,HP ProDesk 600 G3 SFF,MM100001,MiSCUG Demo - Windows (64bit) v 0.0,Success,Success,FALSE,FALSE,FALSE
PC0196,10/4/2018 9:23,10/4/2018 10:22,59.35,HP ProDesk 600 G3 SFF,MM100001,MiSCUG Demo - Windows (64bit) v 0.0,Success,Success,FALSE,TRUE,TRUE
PC0197,10/4/2018 9:27,10/4/2018 10:24,56.57,HP ProDesk 600 G3 SFF,MM100001,MiSCUG Demo - Windows (64bit) v 0.0,Success,Success,FALSE,TRUE,TRUE
PC0198,10/4/2018 9:30,10/4/2018 10:30,59.28,HP ProDesk 600 G3 SFF,MM100001,MiSCUG Demo - Windows (64bit) v 0.0,Success,Success,FALSE,FALSE,FALSE
PC0199,10/4/2018 9:21,10/4/2018 10:56,94.62,Surface Pro 4,MM100001,MiSCUG Demo - Windows (64bit) v 0.0,Success,Success,FALSE,FALSE,FALSE
PC0200,10/4/2018 10:05,10/4/2018 11:05,60.8,HP EliteBook Folio 1040 G3,MM100001,MiSCUG Demo - Windows (64bit) v 0.0,Success,Success,FALSE,FALSE,FALSE
PC0201,10/4/2018 10:21,10/4/2018 11:15,54.63,HP ProDesk 600 G3 SFF,MM100001,MiSCUG Demo - Windows (64bit) v 0.0,Success,Success,FALSE,FALSE,FALSE
PC0202,10/4/2018 9:50,10/4/2018 11:17,87.2,HP ProDesk 600 G1 SFF,MM100001,MiSCUG Demo - Windows (64bit) v 0.0,Success,Success,FALSE,FALSE,FALSE
PC0203,10/4/2018 10:21,10/4/2018 11:19,58.2,HP ProDesk 600 G3 SFF,MM100001,MiSCUG Demo - Windows (64bit) v 0.0,Success,Success,FALSE,FALSE,FALSE
PC0204,10/4/2018 9:27,10/4/2018 11:22,114.8,HP EliteBook Folio 1040 G3,MM100001,MiSCUG Demo - Windows (64bit) v 0.0,Success,Success,FALSE,FALSE,TRUE
PC0205,10/4/2018 10:21,10/4/2018 11:31,69.65,HP EliteBook 840 G3,MM100001,MiSCUG Demo - Windows (64bit) v 0.0,Success,Success,FALSE,FALSE,FALSE
PC0206,10/4/2018 9:43,10/4/2018 11:31,107.78,HP ProDesk 400 G3 SFF,MM100001,MiSCUG Demo - Windows (64bit) v 0.0,Success,Success,FALSE,FALSE,FALSE
PC0207,10/4/2018 10:12,10/4/2018 11:33,80.92,HP ZBook Studio G3,MM100001,MiSCUG Demo - Windows (64bit) v 0.0,Success,Success,FALSE,FALSE,FALSE
PC0208,10/4/2018 10:12,10/4/2018 11:37,84.88,HP ZBook Studio G3,MM100001,MiSCUG Demo - Windows (64bit) v 0.0,Success,Success,FALSE,FALSE,FALSE
PC0209,10/4/2018 9:53,10/4/2018 11:38,105.73,HP EliteBook Folio 1040 G3,MM100001,MiSCUG Demo - Windows (64bit) v 0.0,Success,Success,FALSE,FALSE,TRUE
PC0210,10/4/2018 10:47,10/4/2018 11:42,54.67,HP Compaq Pro 6300 SFF,MM100001,MiSCUG Demo - Windows (64bit) v 0.0,Success,Success,FALSE,FALSE,FALSE
PC0211,10/4/2018 10:38,10/4/2018 11:45,67.13,HP Z240 SFF Workstation,MM100001,MiSCUG Demo - Windows (64bit) v 0.0,Success,Success,FALSE,FALSE,FALSE
PC0212,10/4/2018 11:04,10/4/2018 11:46,42.38,HP ProDesk 400 G4 MT,MM100001,MiSCUG Demo - Windows (64bit) v 0.0,Success,Success,FALSE,FALSE,FALSE
PC0213,10/4/2018 8:14,10/4/2018 11:51,217.22,HP ProDesk 600 G1 TWR,MM100001,MiSCUG Demo - Windows (64bit) v 0.0,Success,Success,FALSE,FALSE,FALSE
PC0214,10/4/2018 10:36,10/4/2018 11:52,75.52,HP EliteBook Folio 1040 G1,MM100001,MiSCUG Demo - Windows (64bit) v 0.0,Success,Success,FALSE,FALSE,FALSE
PC0215,10/4/2018 9:58,10/4/2018 11:56,117.75,HP EliteBook 840 G3,MM100001,MiSCUG Demo - Windows (64bit) v 0.0,Success,Success,FALSE,FALSE,TRUE
PC0216,10/4/2018 9:52,10/4/2018 11:57,125.15,HP EliteBook Folio 1040 G3,MM100001,MiSCUG Demo - Windows (64bit) v 0.0,Success,Success,FALSE,FALSE,TRUE
PC0217,10/4/2018 10:30,10/4/2018 11:58,87.48,HP EliteBook Folio 1040 G3,MM100001,MiSCUG Demo - Windows (64bit) v 0.0,Success,Success,FALSE,FALSE,TRUE
PC0218,10/4/2018 10:50,10/4/2018 12:02,72.5,HP Z240 Tower Workstation,MM100001,MiSCUG Demo - Windows (64bit) v 0.0,Success,Success,FALSE,FALSE,FALSE
PC0219,10/4/2018 11:10,10/4/2018 12:05,54.3,HP Compaq Pro 6300 SFF,MM100001,MiSCUG Demo - Windows (64bit) v 0.0,Success,Success,FALSE,FALSE,FALSE
PC0220,10/4/2018 10:31,10/4/2018 12:06,95.48,HP EliteBook Folio 1040 G3,MM100001,MiSCUG Demo - Windows (64bit) v 0.0,Success,Success,FALSE,FALSE,TRUE
PC0221,10/4/2018 11:00,10/4/2018 12:09,69,HP ProDesk 600 G1 TWR,MM100001,MiSCUG Demo - Windows (64bit) v 0.0,Success,Success,FALSE,FALSE,FALSE
PC0222,10/4/2018 11:00,10/4/2018 12:09,69.35,HP EliteBook 840 G3,MM100001,MiSCUG Demo - Windows (64bit) v 0.0,Success,Success,FALSE,FALSE,TRUE
PC0223,10/4/2018 11:12,10/4/2018 12:15,63.68,HP Compaq Pro 6300 SFF,MM100001,MiSCUG Demo - Windows (64bit) v 0.0,Success,Success,FALSE,FALSE,FALSE
PC0224,10/4/2018 10:28,10/4/2018 12:18,110.93,HP EliteBook Folio 1040 G1,MM100001,MiSCUG Demo - Windows (64bit) v 0.0,Success,Success,FALSE,TRUE,TRUE
PC0225,10/4/2018 11:13,10/4/2018 12:23,69.32,HP ProDesk 600 G2 SFF,MM100001,MiSCUG Demo - Windows (64bit) v 0.0,Success,Success,FALSE,FALSE,FALSE
PC0226,10/4/2018 11:41,10/4/2018 12:31,49.82,HP ProDesk 400 G4 SFF ,MM100001,MiSCUG Demo - Windows (64bit) v 0.0,Success,Success,FALSE,FALSE,FALSE
PC0227,10/4/2018 11:38,10/4/2018 12:34,56.47,HP Compaq Pro 6300 SFF,MM100001,MiSCUG Demo - Windows (64bit) v 0.0,Success,Success,FALSE,FALSE,FALSE
PC0228,10/4/2018 11:31,10/4/2018 12:45,73.27,HP ProBook 440 G5,MM100001,MiSCUG Demo - Windows (64bit) v 0.0,Success,Success,FALSE,FALSE,FALSE
PC0229,10/4/2018 12:21,10/4/2018 12:51,30.15,HP ProDesk 400 G3 DM,MM100001,MiSCUG Demo - Windows (64bit) v 0.0,Success,Success,FALSE,FALSE,FALSE
PC0230,10/4/2018 10:50,10/4/2018 12:53,123.13,HP EliteBook Folio 1040 G3,MM100001,MiSCUG Demo - Windows (64bit) v 0.0,Success,Success,FALSE,TRUE,TRUE
PC0231,10/4/2018 11:52,10/4/2018 12:57,64.73,HP EliteBook Folio 1040 G1,MM100001,MiSCUG Demo - Windows (64bit) v 0.0,Success,Success,FALSE,FALSE,FALSE
PC0232,10/4/2018 11:52,10/4/2018 12:58,65.48,HP EliteBook 8470p,MM100001,MiSCUG Demo - Windows (64bit) v 0.0,Success,Success,FALSE,FALSE,FALSE
PC0233,10/4/2018 12:04,10/4/2018 20:58,533.65,HP ProDesk 600 G1 SFF,MM100001,MiSCUG Demo - Windows (64bit) v 0.0,Failure,Downloading Driver Package. ,FALSE,FALSE,FALSE
PC0234,10/4/2018 11:48,10/4/2018 12:59,71.52,HP ProDesk 600 G2 SFF,MM100001,MiSCUG Demo - Windows (64bit) v 0.0,Success,Success,FALSE,FALSE,FALSE
PC0235,10/4/2018 11:54,10/4/2018 13:01,66.32,HP ProDesk 600 G2 SFF,MM100001,MiSCUG Demo - Windows (64bit) v 0.0,Success,Success,FALSE,FALSE,FALSE
PC0236,10/4/2018 12:02,10/4/2018 13:09,67.3,HP EliteBook Folio 1040 G3,MM100001,MiSCUG Demo - Windows (64bit) v 0.0,Success,Success,FALSE,FALSE,FALSE
PC0237,10/4/2018 12:29,10/4/2018 13:25,55.5,HP ProDesk 600 G3 SFF,MM100001,MiSCUG Demo - Windows (64bit) v 0.0,Success,Success,FALSE,FALSE,FALSE
PC0238,10/4/2018 10:48,10/4/2018 13:26,157.55,HP Elite x2 1012 G2,MM100001,MiSCUG Demo - Windows (64bit) v 0.0,Success,Success,FALSE,FALSE,FALSE
PC0239,10/4/2018 10:30,10/4/2018 13:34,184.12,HP ProDesk 600 G2 SFF,MM100001,MiSCUG Demo - Windows (64bit) v 0.0,Success,Success,FALSE,FALSE,FALSE
PC0240,10/4/2018 10:31,10/4/2018 13:35,183.87,HP ProDesk 600 G2 SFF,MM100001,MiSCUG Demo - Windows (64bit) v 0.0,Success,Success,FALSE,FALSE,FALSE
PC0241,10/4/2018 10:30,10/4/2018 13:35,184.48,HP ProDesk 600 G2 SFF,MM100001,MiSCUG Demo - Windows (64bit) v 0.0,Success,Success,FALSE,FALSE,FALSE
PC0242,10/4/2018 11:41,10/4/2018 13:35,114.42,HP ProDesk 600 G1 SFF,MM100001,MiSCUG Demo - Windows (64bit) v 0.0,Success,Success,FALSE,FALSE,FALSE
PC0243,10/4/2018 10:32,10/4/2018 13:47,195.12,HP ProDesk 600 G2 SFF,MM100001,MiSCUG Demo - Windows (64bit) v 0.0,Success,Success,FALSE,FALSE,FALSE
PC0244,10/4/2018 12:04,10/4/2018 13:48,104.42,HP EliteBook Folio 1040 G2,MM100001,MiSCUG Demo - Windows (64bit) v 0.0,Success,Success,FALSE,FALSE,FALSE
PC0245,10/4/2018 13:37,10/4/2018 14:14,36.93,Surface Pro 4,MM100001,MiSCUG Demo - Windows (64bit) v 0.0,Success,Success,FALSE,FALSE,FALSE
PC0246,10/4/2018 13:07,10/4/2018 14:20,72.65,HP EliteBook 8470p,MM100001,MiSCUG Demo - Windows (64bit) v 0.0,Success,Success,FALSE,FALSE,FALSE
PC0247,10/4/2018 14:05,10/4/2018 14:28,23.52,Surface Pro,MM100001,MiSCUG Demo - Windows (64bit) v 0.0,Failure,Run Invoke-MbamClientDeployment Script. ,FALSE,FALSE,FALSE
PC0248,10/4/2018 13:11,10/4/2018 14:29,77.28,HP Z240 Tower Workstation,MM100001,MiSCUG Demo - Windows (64bit) v 0.0,Success,Success,FALSE,FALSE,FALSE
PC0249,10/4/2018 13:27,10/4/2018 14:31,64.22,HP ProDesk 600 G3 SFF,MM100001,MiSCUG Demo - Windows (64bit) v 0.0,Success,Success,FALSE,FALSE,TRUE
PC0250,10/4/2018 13:44,10/4/2018 14:38,53.38,HP ProDesk 600 G3 SFF,MM100001,MiSCUG Demo - Windows (64bit) v 0.0,Success,Success,FALSE,FALSE,FALSE
PC0251,10/4/2018 13:45,10/4/2018 14:41,56.75,HP ProDesk 600 G3 SFF,MM100001,MiSCUG Demo - Windows (64bit) v 0.0,Success,Success,FALSE,FALSE,FALSE
PC0252,10/4/2018 13:40,10/4/2018 14:45,65.23,HP EliteBook 840 G3,MM100001,MiSCUG Demo - Windows (64bit) v 0.0,Success,Success,FALSE,FALSE,TRUE
PC0253,10/4/2018 13:38,10/4/2018 14:46,67.92,HP ProDesk 600 G2 SFF,MM100001,MiSCUG Demo - Windows (64bit) v 0.0,Success,Success,FALSE,FALSE,TRUE
PC0254,10/4/2018 13:35,10/4/2018 14:47,72.13,HP EliteBook 840 G3,MM100001,MiSCUG Demo - Windows (64bit) v 0.0,Success,Success,FALSE,FALSE,FALSE
PC0255,10/4/2018 14:03,10/4/2018 14:51,48.13,HP ProDesk 600 G2 SFF,MM100001,MiSCUG Demo - Windows (64bit) v 0.0,Success,Success,FALSE,FALSE,FALSE
PC0256,10/4/2018 13:53,10/4/2018 14:56,63.52,HP ProDesk 600 G3 SFF,MM100001,MiSCUG Demo - Windows (64bit) v 0.0,Success,Success,FALSE,FALSE,FALSE
PC0258,10/4/2018 13:51,10/4/2018 15:14,83.38,HP ZBook Studio G3,MM100001,MiSCUG Demo - Windows (64bit) v 0.0,Success,Success,FALSE,FALSE,FALSE
PC0259,10/4/2018 12:19,10/4/2018 15:17,177.52,HP EliteBook 840 G3,MM100001,MiSCUG Demo - Windows (64bit) v 0.0,Success,Success,FALSE,FALSE,TRUE
PC0260,10/4/2018 14:34,10/4/2018 15:29,54.45,HP ProDesk 600 G3 SFF,MM100001,MiSCUG Demo - Windows (64bit) v 0.0,Success,Success,FALSE,FALSE,FALSE
PC0261,10/4/2018 13:51,10/4/2018 15:32,100.78,HP EliteBook 840 G3,MM100001,MiSCUG Demo - Windows (64bit) v 0.0,Success,Success,FALSE,FALSE,FALSE
PC0262,10/4/2018 14:32,10/4/2018 15:35,63.33,HP Compaq Pro 6300 SFF,MM100001,MiSCUG Demo - Windows (64bit) v 0.0,Success,Success,FALSE,FALSE,FALSE
PC0263,10/4/2018 14:39,10/4/2018 16:12,93.7,HP ProDesk 600 G1 SFF,MM100001,MiSCUG Demo - Windows (64bit) v 0.0,Success,Success,FALSE,FALSE,FALSE
PC0264,10/4/2018 14:03,10/4/2018 16:17,133.73,HP ProBook 440 G5,MM100001,MiSCUG Demo - Windows (64bit) v 0.0,Success,Success,FALSE,FALSE,FALSE
PC0265,10/4/2018 15:34,10/4/2018 16:31,56.78,HP ProDesk 600 G1 SFF,MM100001,MiSCUG Demo - Windows (64bit) v 0.0,Success,Success,FALSE,FALSE,FALSE
PC0266,10/4/2018 15:37,10/4/2018 16:36,59.32,HP ProDesk 600 G1 SFF,MM100001,MiSCUG Demo - Windows (64bit) v 0.0,Success,Success,FALSE,FALSE,FALSE
PC0267,10/4/2018 15:34,10/4/2018 16:39,65.67,HP ProDesk 600 G1 SFF,MM100001,MiSCUG Demo - Windows (64bit) v 0.0,Success,Success,FALSE,FALSE,FALSE
PC0268,10/4/2018 15:23,10/4/2018 16:47,84.48,HP EliteBook Folio 1040 G1,MM100001,MiSCUG Demo - Windows (64bit) v 0.0,Success,Success,FALSE,FALSE,FALSE
PC0269,10/4/2018 16:05,10/4/2018 16:57,52.3,HP ProDesk 600 G1 SFF,MM100001,MiSCUG Demo - Windows (64bit) v 0.0,Success,Success,FALSE,FALSE,FALSE
PC0270,10/4/2018 16:03,10/4/2018 16:58,54.95,HP ProDesk 600 G1 SFF,MM100001,MiSCUG Demo - Windows (64bit) v 0.0,Success,Success,FALSE,FALSE,FALSE
PC0271,10/4/2018 9:45,10/4/2018 16:59,434.45,HP ProDesk 600 G3 SFF,MM100001,MiSCUG Demo - Windows (64bit) v 0.0,Success,Success,FALSE,FALSE,TRUE
PC0272,10/4/2018 9:43,10/4/2018 17:04,440.57,HP ProDesk 600 G3 SFF,MM100001,MiSCUG Demo - Windows (64bit) v 0.0,Success,Success,FALSE,FALSE,TRUE
PC0273,10/4/2018 16:15,10/4/2018 17:14,58.52,HP ProDesk 600 G1 SFF,MM100001,MiSCUG Demo - Windows (64bit) v 0.0,Success,Success,FALSE,FALSE,TRUE
PC0275,10/4/2018 17:35,10/4/2018 18:32,56.22,HP ProDesk 600 G1 SFF,MM100001,MiSCUG Demo - Windows (64bit) v 0.0,Success,Success,FALSE,FALSE,FALSE
PC0276,10/5/2018 7:33,10/5/2018 8:34,60.65,HP EliteBook 840 G5,MM100001,MiSCUG Demo - Windows (64bit) v 0.0,Success,Success,TRUE,FALSE,FALSE
PC0277,10/5/2018 7:33,10/5/2018 8:55,81.8,HP EliteBook 840 G3,MM100001,MiSCUG Demo - Windows (64bit) v 0.0,Success,Success,TRUE,FALSE,FALSE
PC0278,10/5/2018 7:57,10/5/2018 9:00,62.77,HP ProDesk 600 G3 SFF,MM100001,MiSCUG Demo - Windows (64bit) v 0.0,Success,Success,FALSE,FALSE,FALSE
PC0279,10/5/2018 7:59,10/5/2018 9:13,73.33,HP ProDesk 400 G5 SFF,MM100001,MiSCUG Demo - Windows (64bit) v 0.0,Success,Success,TRUE,FALSE,FALSE
PC0280,10/5/2018 8:17,10/5/2018 9:23,66.48,HP EliteBook Folio 1040 G2,MM100001,MiSCUG Demo - Windows (64bit) v 0.0,Success,Success,FALSE,FALSE,FALSE
PC0281,10/5/2018 8:59,10/5/2018 9:40,40.82,Surface Pro 4,MM100001,MiSCUG Demo - Windows (64bit) v 0.0,Success,Success,FALSE,FALSE,FALSE
PC0282,10/5/2018 8:50,10/5/2018 9:55,64.3,HP EliteBook 840 G3,MM100001,MiSCUG Demo - Windows (64bit) v 0.0,Success,Success,FALSE,FALSE,FALSE
PC0283,10/5/2018 9:03,10/5/2018 9:57,54.53,HP ProDesk 600 G3 SFF,MM100001,MiSCUG Demo - Windows (64bit) v 0.0,Success,Success,FALSE,FALSE,FALSE
PC0284,10/5/2018 9:05,10/5/2018 10:00,55.6,HP ProDesk 600 G3 SFF,MM100001,MiSCUG Demo - Windows (64bit) v 0.0,Success,Success,FALSE,FALSE,FALSE
PC0285,10/5/2018 8:56,10/5/2018 10:00,64.83,HP EliteBook 840 G3,MM100001,MiSCUG Demo - Windows (64bit) v 0.0,Success,Success,FALSE,FALSE,TRUE
PC0286,10/5/2018 9:07,10/5/2018 10:00,53.27,HP ProDesk 600 G3 SFF,MM100001,MiSCUG Demo - Windows (64bit) v 0.0,Success,Success,FALSE,FALSE,FALSE
PC0287,10/5/2018 8:41,10/5/2018 10:02,81.23,HP EliteBook 840 G3,MM100001,MiSCUG Demo - Windows (64bit) v 0.0,Success,Success,FALSE,FALSE,FALSE
PC0288,10/5/2018 9:08,10/5/2018 10:03,54.58,HP EliteBook 840 G2,MM100001,MiSCUG Demo - Windows (64bit) v 0.0,Failure,Execute USMT PreScan Script (Full System). ,FALSE,TRUE,TRUE
PC0289,10/5/2018 8:47,10/5/2018 10:14,87.68,HP EliteBook 840 G3,MM100001,MiSCUG Demo - Windows (64bit) v 0.0,Success,Success,FALSE,FALSE,FALSE
PC0290,10/5/2018 9:13,10/5/2018 10:24,71.02,HP ProDesk 600 G3 SFF,MM100001,MiSCUG Demo - Windows (64bit) v 0.0,Success,Success,FALSE,FALSE,FALSE
PC0291,10/5/2018 9:18,10/5/2018 10:29,70.8,HP EliteBook 840 G3,MM100001,MiSCUG Demo - Windows (64bit) v 0.0,Success,Success,FALSE,FALSE,FALSE
PC0292,10/5/2018 9:29,10/5/2018 10:31,62.62,HP ProDesk 400 G4 MT,MM100001,MiSCUG Demo - Windows (64bit) v 0.0,Success,Success,FALSE,FALSE,FALSE
PC0293,10/5/2018 9:32,10/5/2018 10:32,59.98,HP EliteBook 840 G3,MM100001,MiSCUG Demo - Windows (64bit) v 0.0,Success,Success,FALSE,FALSE,FALSE
PC0294,10/5/2018 10:31,10/5/2018 10:46,15.65,HP ProDesk 600 G3 SFF,MM100001,MiSCUG Demo - Windows (64bit) v 0.0,Failure,CorePE Authentication. ,FALSE,,
PC0295,10/5/2018 9:47,10/5/2018 10:47,59.77,HP ProDesk 600 G1 SFF,MM100001,MiSCUG Demo - Windows (64bit) v 0.0,Success,Success,FALSE,FALSE,FALSE
PC0296,10/5/2018 9:48,10/5/2018 10:50,62.4,HP ProDesk 600 G1 SFF,MM100001,MiSCUG Demo - Windows (64bit) v 0.0,Success,Success,FALSE,FALSE,FALSE
PC0297,10/5/2018 9:18,10/5/2018 10:54,96.27,HP ProDesk 600 G3 SFF,MM100001,MiSCUG Demo - Windows (64bit) v 0.0,Success,Success,FALSE,FALSE,FALSE
PC0298,10/5/2018 10:17,10/5/2018 11:10,53.07,HP ProDesk 600 G3 SFF,MM100001,MiSCUG Demo - Windows (64bit) v 0.0,Success,Success,FALSE,FALSE,FALSE
PC0299,10/5/2018 9:55,10/5/2018 11:16,81.73,HP ProDesk 600 G1 SFF,MM100001,MiSCUG Demo - Windows (64bit) v 0.0,Success,Success,FALSE,FALSE,FALSE
PC0300,10/5/2018 10:26,10/5/2018 11:17,51.13,HP ProDesk 600 G3 SFF,MM100001,MiSCUG Demo - Windows (64bit) v 0.0,Success,Success,FALSE,FALSE,FALSE
PC0301,10/5/2018 10:31,10/5/2018 11:26,54.42,HP ProDesk 600 G3 SFF,MM100001,MiSCUG Demo - Windows (64bit) v 0.0,Success,Success,FALSE,FALSE,FALSE
PC0302,10/5/2018 10:53,10/5/2018 11:32,39.02,Surface Pro 4,MM100001,MiSCUG Demo - Windows (64bit) v 0.0,Success,Success,FALSE,FALSE,FALSE
PC0303,10/5/2018 10:50,10/5/2018 11:42,52.43,HP ProDesk 600 G3 SFF,MM100001,MiSCUG Demo - Windows (64bit) v 0.0,Success,Success,FALSE,FALSE,FALSE
PC0304,10/5/2018 10:13,10/5/2018 11:57,103.22,HP EliteBook 840 G2,MM100001,MiSCUG Demo - Windows (64bit) v 0.0,Success,Success,FALSE,FALSE,TRUE
PC0305,10/5/2018 10:31,10/5/2018 12:05,94.25,HP EliteBook 840 G3,MM100001,MiSCUG Demo - Windows (64bit) v 0.0,Success,Success,FALSE,FALSE,FALSE
PC0306,10/5/2018 10:15,10/5/2018 12:06,110.45,HP ProBook 440 G5,MM100001,MiSCUG Demo - Windows (64bit) v 0.0,Success,Success,FALSE,FALSE,FALSE
PC0307,10/5/2018 11:03,10/5/2018 12:07,63.95,HP ProDesk 600 G3 SFF,MM100001,MiSCUG Demo - Windows (64bit) v 0.0,Success,Success,FALSE,FALSE,FALSE
PC0308,10/5/2018 10:51,10/5/2018 12:07,76.82,HP ProDesk 600 G3 SFF,MM100001,MiSCUG Demo - Windows (64bit) v 0.0,Success,Success,FALSE,FALSE,TRUE
PC0309,10/5/2018 10:57,10/5/2018 12:16,79.58,HP ProDesk 600 G3 SFF,MM100001,MiSCUG Demo - Windows (64bit) v 0.0,Success,Success,FALSE,FALSE,FALSE
PC0310,10/5/2018 10:56,10/5/2018 12:27,90.37,HP EliteBook Folio 1040 G1,MM100001,MiSCUG Demo - Windows (64bit) v 0.0,Success,Success,FALSE,FALSE,FALSE
PC0311,10/5/2018 11:38,10/5/2018 12:31,53.2,HP ProDesk 600 G3 SFF,MM100001,MiSCUG Demo - Windows (64bit) v 0.0,Success,Success,FALSE,FALSE,FALSE
PC0312,10/5/2018 11:08,10/5/2018 12:35,86.87,HP EliteBook Folio 1040 G1,MM100001,MiSCUG Demo - Windows (64bit) v 0.0,Success,Success,FALSE,FALSE,FALSE
PC0313,10/5/2018 11:30,10/5/2018 12:43,72.2,HP ProDesk 600 G3 SFF,MM100001,MiSCUG Demo - Windows (64bit) v 0.0,Success,Success,FALSE,FALSE,TRUE
PC0314,10/5/2018 11:16,10/5/2018 12:45,89.53,HP Z240 Tower Workstation,MM100001,MiSCUG Demo - Windows (64bit) v 0.0,Success,Success,FALSE,FALSE,TRUE
PC0315,10/5/2018 11:46,10/5/2018 12:46,60.08,HP ProDesk 600 G1 TWR,MM100001,MiSCUG Demo - Windows (64bit) v 0.0,Success,Success,FALSE,FALSE,FALSE
PC0316,10/5/2018 11:42,10/5/2018 12:52,70.25,HP EliteBook Folio 1040 G3,MM100001,MiSCUG Demo - Windows (64bit) v 0.0,Success,Success,FALSE,FALSE,FALSE
PC0317,10/5/2018 11:41,10/5/2018 12:57,75.78,HP EliteBook Folio 1040 G3,MM100001,MiSCUG Demo - Windows (64bit) v 0.0,Success,Success,FALSE,FALSE,FALSE
PC0318,10/5/2018 11:43,10/5/2018 13:04,81.08,HP EliteBook Folio 1040 G3,MM100001,MiSCUG Demo - Windows (64bit) v 0.0,Success,Success,FALSE,FALSE,FALSE
PC0319,10/5/2018 12:19,10/5/2018 13:08,48.62,HP ProDesk 600 G3 SFF,MM100001,MiSCUG Demo - Windows (64bit) v 0.0,Success,Success,FALSE,FALSE,FALSE
PC0320,10/5/2018 11:42,10/5/2018 13:08,85.58,HP EliteBook Folio 1040 G3,MM100001,MiSCUG Demo - Windows (64bit) v 0.0,Success,Success,FALSE,FALSE,FALSE
PC0321,10/5/2018 11:41,10/5/2018 13:15,93.42,HP EliteBook Folio 1040 G3,MM100001,MiSCUG Demo - Windows (64bit) v 0.0,Success,Success,FALSE,FALSE,FALSE
PC0322,10/5/2018 12:33,10/5/2018 13:30,56.48,HP ProDesk 600 G1 SFF,MM100001,MiSCUG Demo - Windows (64bit) v 0.0,Success,Success,FALSE,FALSE,FALSE
PC0323,10/5/2018 12:38,10/5/2018 13:30,51.8,HP ProDesk 600 G1 SFF,MM100001,MiSCUG Demo - Windows (64bit) v 0.0,Success,Success,FALSE,FALSE,FALSE
PC0324,10/5/2018 12:03,10/5/2018 13:38,94.45,HP ProDesk 600 G3 SFF,MM100001,MiSCUG Demo - Windows (64bit) v 0.0,Success,Success,FALSE,FALSE,FALSE
PC0325,10/5/2018 12:14,10/5/2018 13:45,90.83,HP EliteBook Revolve 810 G3,MM100001,MiSCUG Demo - Windows (64bit) v 0.0,Success,Success,FALSE,FALSE,FALSE
PC0326,10/5/2018 12:35,10/5/2018 13:57,81.72,HP ProDesk 600 G3 SFF,MM100001,MiSCUG Demo - Windows (64bit) v 0.0,Success,Success,FALSE,FALSE,FALSE
PC0327,10/5/2018 13:00,10/5/2018 14:00,59.97,HP ProDesk 600 G1 SFF,MM100001,MiSCUG Demo - Windows (64bit) v 0.0,Success,Success,FALSE,FALSE,TRUE
PC0328,10/5/2018 10:53,10/5/2018 14:03,190.3,HP ProDesk 600 G3 SFF,MM100001,MiSCUG Demo - Windows (64bit) v 0.0,Failure,CorePE Authentication. ,FALSE,,
PC0329,10/5/2018 11:05,10/5/2018 14:11,185.93,HP EliteBook Folio 1040 G2,MM100001,MiSCUG Demo - Windows (64bit) v 0.0,Success,Success,FALSE,FALSE,FALSE
PC0330,10/5/2018 12:13,10/5/2018 14:12,118.83,HP ProDesk 600 G2 SFF,MM100001,MiSCUG Demo - Windows (64bit) v 0.0,Success,Success,FALSE,FALSE,FALSE
PC0331,10/5/2018 11:47,10/5/2018 14:16,148.52,HP EliteBook 840 G3,MM100001,MiSCUG Demo - Windows (64bit) v 0.0,Success,Success,FALSE,FALSE,FALSE
PC0332,10/5/2018 12:01,10/5/2018 14:23,142.13,HP ProBook 440 G5,MM100001,MiSCUG Demo - Windows (64bit) v 0.0,Success,Success,FALSE,FALSE,FALSE
PC0333,10/5/2018 12:01,10/5/2018 14:23,142.23,HP ProBook 440 G5,MM100001,MiSCUG Demo - Windows (64bit) v 0.0,Success,Success,FALSE,FALSE,FALSE
PC0334,10/5/2018 13:19,10/5/2018 14:24,64.87,HP ProDesk 600 G1 SFF,MM100001,MiSCUG Demo - Windows (64bit) v 0.0,Success,Success,FALSE,FALSE,FALSE
PC0335,10/5/2018 10:50,10/5/2018 14:26,216.57,HP EliteBook Revolve 810 G2,MM100001,MiSCUG Demo - Windows (64bit) v 0.0,Success,Success,FALSE,FALSE,TRUE
PC0336,10/5/2018 13:37,10/5/2018 14:28,50.48,HP ProDesk 600 G3 SFF,MM100001,MiSCUG Demo - Windows (64bit) v 0.0,Success,Success,FALSE,FALSE,FALSE
PC0337,10/5/2018 13:23,10/5/2018 14:37,74.4,HP ProDesk 600 G1 SFF,MM100001,MiSCUG Demo - Windows (64bit) v 0.0,Success,Success,FALSE,FALSE,FALSE
PC0338,10/5/2018 13:24,10/5/2018 14:39,75.08,HP ProDesk 600 G3 SFF,MM100001,MiSCUG Demo - Windows (64bit) v 0.0,Success,Success,FALSE,FALSE,FALSE
PC0339,10/5/2018 13:20,10/5/2018 14:44,83.73,HP ProDesk 600 G1 SFF,MM100001,MiSCUG Demo - Windows (64bit) v 0.0,Success,Success,FALSE,FALSE,FALSE
PC0340,10/5/2018 14:12,10/5/2018 14:49,36.82,Surface Pro 4,MM100001,MiSCUG Demo - Windows (64bit) v 0.0,Success,Success,FALSE,FALSE,FALSE
PC0341,10/5/2018 13:41,10/5/2018 14:50,69.1,HP ProDesk 600 G1 SFF,MM100001,MiSCUG Demo - Windows (64bit) v 0.0,Success,Success,FALSE,FALSE,TRUE
PC0342,10/5/2018 14:13,10/5/2018 15:03,49.98,VMware Virtual Platform,MM100001,MiSCUG Demo - Windows (64bit) v 0.0,Success,Success,FALSE,FALSE,FALSE
PC0343,10/5/2018 14:07,10/5/2018 15:05,57.9,HP EliteBook 840 G5,MM100001,MiSCUG Demo - Windows (64bit) v 0.0,Success,Success,FALSE,FALSE,TRUE
PC0344,10/5/2018 14:07,10/5/2018 15:06,58.93,HP EliteBook 840 G5,MM100001,MiSCUG Demo - Windows (64bit) v 0.0,Success,Success,FALSE,FALSE,TRUE
PC0345,10/5/2018 13:47,10/5/2018 15:09,82.57,HP ProDesk 600 G1 SFF,MM100001,MiSCUG Demo - Windows (64bit) v 0.0,Success,Success,FALSE,FALSE,TRUE
PC0346,10/5/2018 13:56,10/5/2018 15:10,73.8,HP ProDesk 600 G1 SFF,MM100001,MiSCUG Demo - Windows (64bit) v 0.0,Success,Success,FALSE,FALSE,TRUE
PC0347,10/5/2018 14:08,10/5/2018 15:13,64.7,HP EliteBook 840 G5,MM100001,MiSCUG Demo - Windows (64bit) v 0.0,Success,Success,FALSE,FALSE,TRUE
PC0348,10/5/2018 13:44,10/5/2018 15:15,91.02,HP ProDesk 600 G2 SFF,MM100001,MiSCUG Demo - Windows (64bit) v 0.0,Success,Success,FALSE,FALSE,FALSE
PC0349,10/5/2018 13:42,10/5/2018 15:16,94.47,HP EliteBook 840 G3,MM100001,MiSCUG Demo - Windows (64bit) v 0.0,Success,Success,FALSE,FALSE,FALSE
PC0350,10/5/2018 14:11,10/5/2018 15:20,69.22,HP EliteBook 840 G5,MM100001,MiSCUG Demo - Windows (64bit) v 0.0,Success,Success,FALSE,FALSE,TRUE
PC0351,10/5/2018 14:32,10/5/2018 15:28,56,HP ProDesk 600 G3 SFF,MM100001,MiSCUG Demo - Windows (64bit) v 0.0,Success,Success,FALSE,FALSE,TRUE
PC0352,10/5/2018 13:38,10/5/2018 15:42,124.27,HP ProDesk 600 G3 SFF,MM100001,MiSCUG Demo - Windows (64bit) v 0.0,Success,Success,FALSE,FALSE,FALSE
PC0353,10/5/2018 14:45,10/5/2018 16:02,77.32,HP EliteBook 840 G3,MM100001,MiSCUG Demo - Windows (64bit) v 0.0,Success,Success,FALSE,FALSE,FALSE
PC0354,10/5/2018 15:03,10/5/2018 16:04,60.72,HP ProDesk 600 G3 SFF,MM100001,MiSCUG Demo - Windows (64bit) v 0.0,Success,Success,FALSE,FALSE,FALSE
PC0355,10/5/2018 15:04,10/5/2018 16:05,60.6,HP ProDesk 600 G3 SFF,MM100001,MiSCUG Demo - Windows (64bit) v 0.0,Success,Success,FALSE,FALSE,FALSE
PC0356,10/5/2018 15:22,10/5/2018 16:15,52.78,HP ProDesk 600 G3 SFF,MM100001,MiSCUG Demo - Windows (64bit) v 0.0,Success,Success,FALSE,FALSE,FALSE
PC0357,10/5/2018 15:07,10/5/2018 16:16,69.23,HP ProDesk 600 G3 SFF,MM100001,MiSCUG Demo - Windows (64bit) v 0.0,Success,Success,FALSE,FALSE,FALSE
PC0358,10/5/2018 15:25,10/5/2018 16:17,51.12,HP ProDesk 600 G3 SFF,MM100001,MiSCUG Demo - Windows (64bit) v 0.0,Success,Success,FALSE,FALSE,FALSE
PC0359,10/5/2018 15:07,10/5/2018 16:17,70.32,HP ProDesk 600 G3 SFF,MM100001,MiSCUG Demo - Windows (64bit) v 0.0,Success,Success,FALSE,FALSE,FALSE
PC0360,10/5/2018 15:33,10/5/2018 16:24,51.4,HP ProDesk 600 G3 SFF,MM100001,MiSCUG Demo - Windows (64bit) v 0.0,Success,Success,FALSE,TRUE,TRUE
PC0361,10/5/2018 15:46,10/5/2018 16:34,48.13,HP ProDesk 600 G3 SFF,MM100001,MiSCUG Demo - Windows (64bit) v 0.0,Success,Success,FALSE,FALSE,FALSE
PC0362,10/5/2018 15:04,10/5/2018 16:45,100.97,HP ProDesk 600 G3 SFF,MM100001,MiSCUG Demo - Windows (64bit) v 0.0,Success,Success,FALSE,FALSE,FALSE
PC0363,10/5/2018 15:25,10/5/2018 16:47,82.47,HP EliteBook Folio 1040 G2,MM100001,MiSCUG Demo - Windows (64bit) v 0.0,Success,Success,FALSE,FALSE,FALSE
PC0364,10/5/2018 16:35,10/5/2018 16:52,16.95,HP EliteBook x360 1020 G2,MM100001,MiSCUG Demo - Windows (64bit) v 0.0,Failure,Execute USMT PreScan Script (Full System). ,FALSE,TRUE,FALSE
PC0365,10/5/2018 15:25,10/5/2018 16:56,91,HP EliteBook Folio 1040 G3,MM100001,MiSCUG Demo - Windows (64bit) v 0.0,Success,Success,FALSE,TRUE,TRUE
PC0366,10/5/2018 15:25,10/5/2018 17:02,97.05,HP EliteBook Folio 1040 G3,MM100001,MiSCUG Demo - Windows (64bit) v 0.0,Success,Success,FALSE,TRUE,TRUE
PC0367,10/5/2018 15:33,10/5/2018 17:02,88.98,HP EliteBook 8470p,MM100001,MiSCUG Demo - Windows (64bit) v 0.0,Success,Success,FALSE,TRUE,TRUE
PC0368,10/5/2018 15:33,10/5/2018 17:02,89.22,HP EliteBook Folio 1040 G3,MM100001,MiSCUG Demo - Windows (64bit) v 0.0,Success,Success,FALSE,TRUE,TRUE
PC0369,10/5/2018 15:57,10/5/2018 17:07,70.57,HP EliteBook 840 G3,MM100001,MiSCUG Demo - Windows (64bit) v 0.0,Success,Success,FALSE,FALSE,FALSE
PC0370,10/5/2018 15:18,10/5/2018 18:06,167.8,HP EliteBook Folio 1040 G1,MM100001,MiSCUG Demo - Windows (64bit) v 0.0,Success,Success,FALSE,FALSE,FALSE
PC0371,10/5/2018 17:49,10/5/2018 18:35,45.68,HP ProDesk 600 G3 SFF,MM100001,MiSCUG Demo - Windows (64bit) v 0.0,Success,Success,FALSE,FALSE,FALSE
PC0372,10/5/2018 17:53,10/5/2018 18:35,41.77,HP ProDesk 600 G3 SFF,MM100001,MiSCUG Demo - Windows (64bit) v 0.0,Success,Success,FALSE,FALSE,FALSE
PC0373,10/5/2018 17:56,10/5/2018 19:18,81.77,HP ProDesk 600 G3 SFF,MM100001,MiSCUG Demo - Windows (64bit) v 0.0,Success,Success,FALSE,FALSE,FALSE
PC0374,10/5/2018 22:02,10/5/2018 23:16,74.07,HP ProDesk 600 G3 SFF,MM100001,MiSCUG Demo - Windows (64bit) v 0.0,Success,Success,FALSE,FALSE,FALSE
PC0375,10/5/2018 22:08,10/5/2018 23:24,76.18,HP ProDesk 600 G3 SFF,MM100001,MiSCUG Demo - Windows (64bit) v 0.0,Success,Success,FALSE,FALSE,FALSE
PC0376,10/5/2018 23:36,10/6/2018 0:54,77.12,HP Compaq Pro 6300 SFF,MM100001,MiSCUG Demo - Windows (64bit) v 0.0,Success,Success,FALSE,FALSE,FALSE
PC0377,10/5/2018 23:35,10/6/2018 1:04,88.98,HP Compaq Pro 6300 SFF,MM100001,MiSCUG Demo - Windows (64bit) v 0.0,Success,Success,FALSE,FALSE,FALSE
PC0378,10/5/2018 23:36,10/6/2018 1:05,88.65,HP Compaq Pro 6300 SFF,MM100001,MiSCUG Demo - Windows (64bit) v 0.0,Success,Success,FALSE,FALSE,TRUE
PC0379,10/5/2018 23:38,10/6/2018 1:13,95.8,HP Compaq Pro 6300 SFF,MM100001,MiSCUG Demo - Windows (64bit) v 0.0,Success,Success,FALSE,FALSE,FALSE
PC0380,10/6/2018 3:43,10/6/2018 4:34,51.05,HP ProDesk 600 G3 SFF,MM100001,MiSCUG Demo - Windows (64bit) v 0.0,Success,Success,FALSE,FALSE,FALSE
PC0381,10/6/2018 7:53,10/6/2018 8:45,51.73,HP ProDesk 400 G4 SFF ,MM100001,MiSCUG Demo - Windows (64bit) v 0.0,Success,Success,FALSE,FALSE,FALSE
PC0382,10/6/2018 10:10,10/6/2018 11:51,100.28,HP EliteBook Folio 1040 G3,MM100001,MiSCUG Demo - Windows (64bit) v 0.0,Success,Success,FALSE,FALSE,FALSE
PC0383,10/6/2018 11:00,10/6/2018 12:14,73.42,HP ProDesk 600 G3 SFF,MM100001,MiSCUG Demo - Windows (64bit) v 0.0,Success,Success,FALSE,FALSE,FALSE
PC0384,10/6/2018 12:49,10/6/2018 13:44,54.33,HP Compaq Pro 6300 SFF,MM100001,MiSCUG Demo - Windows (64bit) v 0.0,Success,Success,FALSE,FALSE,FALSE
PC0385,10/6/2018 15:37,10/6/2018 16:27,50.38,HP ProDesk 600 G3 SFF,MM100001,MiSCUG Demo - Windows (64bit) v 0.0,Success,Success,FALSE,FALSE,FALSE
PC0386,10/8/2018 8:16,10/8/2018 16:31,494.18,HP EliteBook Revolve 810 G3,MM100001,MiSCUG Demo - Windows (64bit) v 0.0,Failure,CopySWDistCSV. ,FALSE,,
PC0387,10/8/2018 7:25,10/8/2018 8:37,71.82,HP EliteBook Folio 1040 G3,MM100001,MiSCUG Demo - Windows (64bit) v 0.0,Success,Success,FALSE,FALSE,TRUE
PC0388,10/8/2018 8:10,10/8/2018 17:31,560.65,HP EliteBook Revolve 810 G3,MM100001,MiSCUG Demo - Windows (64bit) v 0.0,Failure,Downloading Driver Package. ,FALSE,TRUE,TRUE
PC0389,10/8/2018 8:23,10/8/2018 9:34,70.87,HP EliteBook 8470p,MM100001,MiSCUG Demo - Windows (64bit) v 0.0,Success,Success,FALSE,FALSE,FALSE
PC0390,10/8/2018 8:46,10/8/2018 9:45,58.5,HP ProDesk 600 G1 SFF,MM100001,MiSCUG Demo - Windows (64bit) v 0.0,Success,Success,FALSE,FALSE,FALSE
PC0391,10/8/2018 8:38,10/8/2018 9:45,67.08,HP ProBook 440 G5,MM100001,MiSCUG Demo - Windows (64bit) v 0.0,Success,Success,FALSE,FALSE,FALSE
PC0392,10/8/2018 8:46,10/8/2018 10:03,77.1,HP ProBook 440 G5,MM100001,MiSCUG Demo - Windows (64bit) v 0.0,Success,Success,FALSE,FALSE,FALSE
PC0393,10/8/2018 9:08,10/8/2018 10:08,59.42,HP ProDesk 600 G3 SFF,MM100001,MiSCUG Demo - Windows (64bit) v 0.0,Success,Success,FALSE,FALSE,FALSE
PC0394,10/8/2018 8:51,10/8/2018 10:10,78.83,HP EliteBook 840 G3,MM100001,MiSCUG Demo - Windows (64bit) v 0.0,Success,Success,FALSE,FALSE,FALSE
PC0395,10/8/2018 9:49,10/8/2018 18:11,502.3,HP ProDesk 600 G1 SFF,MM100001,MiSCUG Demo - Windows (64bit) v 0.0,Failure,Execute USMT PreScan Script (Full System). ,FALSE,TRUE,TRUE
PC0396,10/8/2018 9:09,10/8/2018 10:21,72.18,HP EliteBook 840 G3,MM100001,MiSCUG Demo - Windows (64bit) v 0.0,Success,Success,FALSE,FALSE,FALSE
PC0397,10/8/2018 9:09,10/8/2018 10:22,72.82,HP EliteBook 840 G3,MM100001,MiSCUG Demo - Windows (64bit) v 0.0,Success,Success,FALSE,FALSE,FALSE
PC0398,10/8/2018 9:35,10/8/2018 10:34,59.42,HP ProDesk 600 G1 SFF,MM100001,MiSCUG Demo - Windows (64bit) v 0.0,Success,Success,FALSE,FALSE,FALSE
PC0399,10/8/2018 9:38,10/8/2018 10:40,61.97,HP EliteBook Folio 1040 G3,MM100001,MiSCUG Demo - Windows (64bit) v 0.0,Success,Success,FALSE,FALSE,FALSE
PC0400,10/8/2018 9:57,10/8/2018 10:52,55.17,HP ProDesk 600 G3 SFF,MM100001,MiSCUG Demo - Windows (64bit) v 0.0,Success,Success,FALSE,FALSE,FALSE
PC0401,10/8/2018 9:40,10/8/2018 10:53,73.52,HP ProDesk 600 G3 SFF,MM100001,MiSCUG Demo - Windows (64bit) v 0.0,Success,Success,FALSE,FALSE,FALSE
PC0402,10/8/2018 9:52,10/8/2018 10:54,61.45,HP ProDesk 600 G3 SFF,MM100001,MiSCUG Demo - Windows (64bit) v 0.0,Success,Success,FALSE,FALSE,FALSE
PC0403,10/8/2018 9:57,10/8/2018 11:03,65.47,HP ProDesk 600 G1 SFF,MM100001,MiSCUG Demo - Windows (64bit) v 0.0,Success,Success,FALSE,FALSE,FALSE
PC0404,10/8/2018 10:14,10/8/2018 11:07,53.02,HP ProDesk 600 G3 SFF,MM100001,MiSCUG Demo - Windows (64bit) v 0.0,Success,Success,FALSE,FALSE,FALSE
PC0405,10/8/2018 10:06,10/8/2018 11:12,65.22,HP ProDesk 600 G1 SFF,MM100001,MiSCUG Demo - Windows (64bit) v 0.0,Success,Success,FALSE,FALSE,FALSE
PC0406,10/8/2018 10:25,10/8/2018 11:27,62.1,VMware Virtual Platform,MM100001,MiSCUG Demo - Windows (64bit) v 0.0,Failure,Move Computer to Blocked OU (Staging). ,FALSE,FALSE,FALSE
PC0407,10/8/2018 10:40,10/8/2018 11:34,54.3,HP ProDesk 600 G1 TWR,MM100001,MiSCUG Demo - Windows (64bit) v 0.0,Success,Success,FALSE,FALSE,FALSE
PC0408,10/8/2018 10:35,10/8/2018 11:36,60.5,HP ProDesk 600 G1 SFF,MM100001,MiSCUG Demo - Windows (64bit) v 0.0,Success,Success,FALSE,FALSE,FALSE
PC0409,10/8/2018 10:15,10/8/2018 11:43,88.08,HP ProDesk 600 G1 SFF,MM100001,MiSCUG Demo - Windows (64bit) v 0.0,Success,Success,FALSE,FALSE,FALSE
PC0410,10/8/2018 10:25,10/8/2018 11:43,78.27,VMware Virtual Platform,MM100001,MiSCUG Demo - Windows (64bit) v 0.0,Failure,Move Computer to Blocked OU (Staging). ,FALSE,FALSE,FALSE
PC0411,10/8/2018 11:17,10/8/2018 11:51,33.42,Surface Pro 4,MM100001,MiSCUG Demo - Windows (64bit) v 0.0,Success,Success,FALSE,FALSE,FALSE
PC0412,10/8/2018 11:18,10/8/2018 11:52,33.23,Surface Pro 4,MM100001,MiSCUG Demo - Windows (64bit) v 0.0,Success,Success,FALSE,FALSE,FALSE
PC0413,10/8/2018 10:03,10/8/2018 11:52,109,HP EliteBook 840 G3,MM100001,MiSCUG Demo - Windows (64bit) v 0.0,Success,Success,FALSE,FALSE,FALSE
PC0414,10/8/2018 10:45,10/8/2018 11:53,67.73,HP EliteBook 840 G3,MM100001,MiSCUG Demo - Windows (64bit) v 0.0,Success,Success,FALSE,FALSE,FALSE
PC0415,10/8/2018 11:39,10/8/2018 15:54,255.4,HP ProDesk 600 G3 SFF,MM100001,MiSCUG Demo - Windows (64bit) v 0.0,Failure,Redirect content to Nomad Cache (Images). ,TRUE,FALSE,FALSE
PC0416,10/8/2018 10:31,10/8/2018 11:57,85.6,HP ProDesk 600 G3 SFF,MM100001,MiSCUG Demo - Windows (64bit) v 0.0,Success,Success,FALSE,FALSE,FALSE
PC0417,10/8/2018 10:25,10/8/2018 11:59,94.02,VMware Virtual Platform,MM100001,MiSCUG Demo - Windows (64bit) v 0.0,Failure,Move Computer to Blocked OU (Staging). ,FALSE,FALSE,FALSE
PC0418,10/8/2018 11:01,10/8/2018 12:08,66.38,HP EliteBook Folio 1040 G3,MM100001,MiSCUG Demo - Windows (64bit) v 0.0,Success,Success,FALSE,FALSE,FALSE
PC0419,10/8/2018 10:52,10/8/2018 12:12,80.27,HP EliteBook 840 G5,MM100001,MiSCUG Demo - Windows (64bit) v 0.0,Success,Success,FALSE,FALSE,FALSE
PC0420,10/8/2018 11:01,10/8/2018 12:14,72.73,HP EliteBook Folio 1040 G3,MM100001,MiSCUG Demo - Windows (64bit) v 0.0,Success,Success,FALSE,FALSE,FALSE
PC0421,10/8/2018 11:00,10/8/2018 12:15,74.78,HP EliteBook 840 G3,MM100001,MiSCUG Demo - Windows (64bit) v 0.0,Success,Success,FALSE,FALSE,FALSE
PC0422,10/8/2018 11:01,10/8/2018 12:15,74.8,HP EliteBook Folio 1040 G3,MM100001,MiSCUG Demo - Windows (64bit) v 0.0,Success,Success,FALSE,FALSE,FALSE
PC0423,10/8/2018 11:01,10/8/2018 12:17,75.73,HP EliteBook Folio 1040 G1,MM100001,MiSCUG Demo - Windows (64bit) v 0.0,Success,Success,FALSE,FALSE,FALSE
PC0424,10/8/2018 10:06,10/8/2018 12:18,131.12,HP ProDesk 600 G2 MT,MM100001,MiSCUG Demo - Windows (64bit) v 0.0,Success,Success,FALSE,FALSE,FALSE
PC0425,10/8/2018 11:18,10/8/2018 12:19,61.4,HP ProDesk 600 G1 SFF,MM100001,MiSCUG Demo - Windows (64bit) v 0.0,Success,Success,FALSE,FALSE,FALSE
PC0426,10/8/2018 11:48,10/8/2018 12:23,35.42,Surface Pro 4,MM100001,MiSCUG Demo - Windows (64bit) v 0.0,Success,Success,FALSE,FALSE,FALSE
PC0427,10/8/2018 11:30,10/8/2018 12:28,58.63,HP EliteBook 840 G5,MM100001,MiSCUG Demo - Windows (64bit) v 0.0,Success,Success,FALSE,FALSE,TRUE
PC0428,10/8/2018 11:24,10/8/2018 12:29,64.42,HP ProDesk 600 G1 SFF,MM100001,MiSCUG Demo - Windows (64bit) v 0.0,Success,Success,FALSE,FALSE,FALSE
PC0429,10/8/2018 11:09,10/8/2018 12:31,82.33,HP EliteBook Folio 1040 G3,MM100001,MiSCUG Demo - Windows (64bit) v 0.0,Success,Success,FALSE,FALSE,FALSE
PC0430,10/8/2018 11:00,10/8/2018 12:38,97.75,HP EliteBook Revolve 810 G3,MM100001,MiSCUG Demo - Windows (64bit) v 0.0,Success,Success,FALSE,FALSE,FALSE
PC0431,10/8/2018 11:00,10/8/2018 12:40,100.22,HP EliteBook Revolve 810 G3,MM100001,MiSCUG Demo - Windows (64bit) v 0.0,Success,Success,FALSE,FALSE,FALSE
PC0432,10/8/2018 11:30,10/8/2018 12:44,73.7,HP ProDesk 600 G1 SFF,MM100001,MiSCUG Demo - Windows (64bit) v 0.0,Success,Success,FALSE,FALSE,FALSE
PC0433,10/8/2018 11:38,10/8/2018 12:46,68.22,HP ProDesk 600 G1 SFF,MM100001,MiSCUG Demo - Windows (64bit) v 0.0,Success,Success,FALSE,FALSE,FALSE
PC0434,10/8/2018 11:52,10/8/2018 12:50,57.8,HP ProDesk 600 G3 SFF,MM100001,MiSCUG Demo - Windows (64bit) v 0.0,Success,Success,FALSE,FALSE,FALSE
PC0435,10/8/2018 11:06,10/8/2018 12:58,111.6,HP EliteBook x360 1020 G2,MM100001,MiSCUG Demo - Windows (64bit) v 0.0,Success,Success,FALSE,FALSE,FALSE
PC0436,10/8/2018 12:09,10/8/2018 13:00,51.43,HP ProDesk 400 G4 SFF ,MM100001,MiSCUG Demo - Windows (64bit) v 0.0,Success,Success,FALSE,FALSE,FALSE
PC0437,10/8/2018 11:59,10/8/2018 13:10,71.43,HP EliteBook 840 G3,MM100001,MiSCUG Demo - Windows (64bit) v 0.0,Success,Success,FALSE,FALSE,FALSE
PC0438,10/8/2018 12:00,10/8/2018 13:11,70.22,HP EliteBook 840 G3,MM100001,MiSCUG Demo - Windows (64bit) v 0.0,Success,Success,FALSE,FALSE,FALSE
PC0439,10/8/2018 11:59,10/8/2018 13:11,71.98,HP EliteBook 840 G3,MM100001,MiSCUG Demo - Windows (64bit) v 0.0,Success,Success,FALSE,FALSE,FALSE
PC0440,10/8/2018 12:01,10/8/2018 13:12,70.62,HP EliteBook 840 G3,MM100001,MiSCUG Demo - Windows (64bit) v 0.0,Success,Success,FALSE,FALSE,FALSE
PC0441,10/8/2018 11:58,10/8/2018 13:17,79.42,HP EliteBook 840 G3,MM100001,MiSCUG Demo - Windows (64bit) v 0.0,Success,Success,FALSE,FALSE,FALSE
PC0442,10/8/2018 12:09,10/8/2018 13:18,68.75,HP EliteBook Folio 1040 G3,MM100001,MiSCUG Demo - Windows (64bit) v 0.0,Success,Success,FALSE,TRUE,TRUE
PC0443,10/8/2018 11:58,10/8/2018 13:22,83.97,HP EliteBook 840 G3,MM100001,MiSCUG Demo - Windows (64bit) v 0.0,Success,Success,FALSE,FALSE,FALSE
PC0444,10/8/2018 12:29,10/8/2018 13:27,58.48,HP ProDesk 600 G1 SFF,MM100001,MiSCUG Demo - Windows (64bit) v 0.0,Success,Success,FALSE,TRUE,TRUE
PC0445,10/8/2018 12:04,10/8/2018 13:28,83.93,HP EliteBook 840 G3,MM100001,MiSCUG Demo - Windows (64bit) v 0.0,Success,Success,FALSE,FALSE,FALSE
PC0446,10/8/2018 12:02,10/8/2018 13:29,87.67,HP EliteBook 840 G3,MM100001,MiSCUG Demo - Windows (64bit) v 0.0,Success,Success,FALSE,FALSE,FALSE
PC0447,10/8/2018 11:59,10/8/2018 13:30,90.47,HP EliteBook 840 G3,MM100001,MiSCUG Demo - Windows (64bit) v 0.0,Success,Success,FALSE,FALSE,FALSE
PC0448,10/8/2018 12:07,10/8/2018 13:30,82.88,HP EliteBook 840 G3,MM100001,MiSCUG Demo - Windows (64bit) v 0.0,Success,Success,FALSE,FALSE,FALSE
PC0449,10/8/2018 12:02,10/8/2018 13:31,89.17,HP EliteBook 840 G3,MM100001,MiSCUG Demo - Windows (64bit) v 0.0,Success,Success,FALSE,FALSE,FALSE
PC0450,10/8/2018 12:27,10/8/2018 13:35,67.88,HP EliteBook 840 G3,MM100001,MiSCUG Demo - Windows (64bit) v 0.0,Success,Success,FALSE,FALSE,TRUE
PC0451,10/8/2018 12:34,10/8/2018 13:39,65.25,HP ProDesk 600 G1 SFF,MM100001,MiSCUG Demo - Windows (64bit) v 0.0,Success,Success,FALSE,FALSE,FALSE
PC0452,10/8/2018 12:08,10/8/2018 13:45,96.8,HP ProDesk 600 G3 SFF,MM100001,MiSCUG Demo - Windows (64bit) v 0.0,Success,Success,FALSE,TRUE,TRUE
PC0453,10/8/2018 12:40,10/8/2018 13:48,67.85,HP ProDesk 600 G1 SFF,MM100001,MiSCUG Demo - Windows (64bit) v 0.0,Success,Success,FALSE,FALSE,FALSE
PC0454,10/8/2018 12:33,10/8/2018 13:51,78.15,HP EliteBook 840 G5,MM100001,MiSCUG Demo - Windows (64bit) v 0.0,Failure,Send Hardware Inventory. ,TRUE,FALSE,TRUE
PC0455,10/8/2018 12:48,10/8/2018 14:00,71.93,VMware Virtual Platform,MM100001,MiSCUG Demo - Windows (64bit) v 0.0,Failure,Move Computer to Blocked OU (Staging). ,FALSE,FALSE,FALSE
PC0456,10/8/2018 12:55,10/8/2018 14:09,73.3,HP EliteBook 840 G3,MM100001,MiSCUG Demo - Windows (64bit) v 0.0,Success,Success,FALSE,FALSE,FALSE
PC0457,10/8/2018 12:48,10/8/2018 14:30,101.68,VMware Virtual Platform,MM100001,MiSCUG Demo - Windows (64bit) v 0.0,Failure,Move Computer to Blocked OU (Staging). ,FALSE,FALSE,FALSE
PC0458,10/8/2018 12:59,10/8/2018 14:34,95.08,HP ProDesk 600 G3 SFF,MM100001,MiSCUG Demo - Windows (64bit) v 0.0,Failure,Send Hardware Inventory. ,TRUE,FALSE,TRUE
PC0459,10/8/2018 13:27,10/8/2018 14:38,70.57,HP ProDesk 600 G1 SFF,MM100001,MiSCUG Demo - Windows (64bit) v 0.0,Success,Success,FALSE,FALSE,FALSE
PC0460,10/8/2018 13:35,10/8/2018 14:40,65.57,HP ProDesk 600 G1 SFF,MM100001,MiSCUG Demo - Windows (64bit) v 0.0,Success,Success,FALSE,FALSE,FALSE
PC0461,10/8/2018 13:49,10/8/2018 14:43,54.17,HP ProDesk 600 G3 SFF,MM100001,MiSCUG Demo - Windows (64bit) v 0.0,Success,Success,FALSE,FALSE,FALSE
PC0462,10/8/2018 13:39,10/8/2018 14:45,66.6,HP EliteBook 840 G3,MM100001,MiSCUG Demo - Windows (64bit) v 0.0,Success,Success,FALSE,FALSE,FALSE
PC0463,10/8/2018 13:40,10/8/2018 14:46,65.72,HP ProDesk 600 G1 SFF,MM100001,MiSCUG Demo - Windows (64bit) v 0.0,Success,Success,FALSE,FALSE,FALSE
PC0464,10/8/2018 13:46,10/8/2018 14:47,61.78,HP EliteBook 840 G3,MM100001,MiSCUG Demo - Windows (64bit) v 0.0,Success,Success,FALSE,FALSE,FALSE
PC0465,10/8/2018 13:46,10/8/2018 14:50,64.52,VMware Virtual Platform,MM100001,MiSCUG Demo - Windows (64bit) v 0.0,Failure,Move Computer to Blocked OU (Staging). ,FALSE,FALSE,FALSE
PC0466,10/8/2018 13:53,10/8/2018 14:52,59.27,HP ProDesk 600 G3 SFF,MM100001,MiSCUG Demo - Windows (64bit) v 0.0,Success,Success,FALSE,FALSE,FALSE
PC0467,10/8/2018 12:19,10/8/2018 14:55,156.07,HP ProDesk 600 G3 SFF,MM100001,MiSCUG Demo - Windows (64bit) v 0.0,Success,Success,FALSE,FALSE,FALSE
PC0468,10/8/2018 13:41,10/8/2018 14:58,76.77,HP ProDesk 600 G3 SFF,MM100001,MiSCUG Demo - Windows (64bit) v 0.0,Failure,Send Hardware Inventory. ,TRUE,FALSE,TRUE
PC0469,10/8/2018 13:47,10/8/2018 15:09,81.8,HP ProDesk 600 G1 SFF,MM100001,MiSCUG Demo - Windows (64bit) v 0.0,Success,Success,FALSE,FALSE,FALSE
PC0470,10/8/2018 14:33,10/8/2018 15:13,39.6,Surface Pro 4,MM100001,MiSCUG Demo - Windows (64bit) v 0.0,Success,Success,FALSE,FALSE,FALSE
PC0471,10/8/2018 14:26,10/8/2018 15:27,60.52,HP ProDesk 600 G3 SFF,MM100001,MiSCUG Demo - Windows (64bit) v 0.0,Success,Success,FALSE,FALSE,TRUE
PC0472,10/8/2018 13:48,10/8/2018 15:35,107.22,HP EliteBook Folio 1040 G1,MM100001,MiSCUG Demo - Windows (64bit) v 0.0,Success,Success,FALSE,FALSE,TRUE
PC0473,10/8/2018 14:17,10/8/2018 15:39,81.33,HP EliteBook 840 G3,MM100001,MiSCUG Demo - Windows (64bit) v 0.0,Success,Success,FALSE,FALSE,FALSE
PC0474,10/8/2018 14:21,10/8/2018 15:43,82.25,HP EliteBook 840 G5,MM100001,MiSCUG Demo - Windows (64bit) v 0.0,Failure,Send Hardware Inventory. ,TRUE,FALSE,TRUE
PC0475,10/8/2018 14:36,10/8/2018 15:43,67.35,HP EliteBook 840 G3,MM100001,MiSCUG Demo - Windows (64bit) v 0.0,Success,Success,FALSE,FALSE,TRUE
PC0476,10/8/2018 14:49,10/8/2018 15:43,53.7,HP ProDesk 400 G3 DM,MM100001,MiSCUG Demo - Windows (64bit) v 0.0,Success,Success,FALSE,FALSE,FALSE
PC0477,10/8/2018 14:24,10/8/2018 15:46,81.7,HP EliteBook 840 G3,MM100001,MiSCUG Demo - Windows (64bit) v 0.0,Success,Success,FALSE,FALSE,FALSE
PC0478,10/8/2018 14:54,10/8/2018 15:50,55.7,HP ProDesk 400 G3 DM,MM100001,MiSCUG Demo - Windows (64bit) v 0.0,Success,Success,FALSE,FALSE,FALSE
PC0479,10/8/2018 14:56,10/8/2018 15:59,62.83,HP ProDesk 400 G3 DM,MM100001,MiSCUG Demo - Windows (64bit) v 0.0,Success,Success,FALSE,FALSE,FALSE
PC0480,10/8/2018 14:49,10/8/2018 16:05,75.5,HP ProDesk 400 G3 DM,MM100001,MiSCUG Demo - Windows (64bit) v 0.0,Success,Success,FALSE,FALSE,FALSE
PC0481,10/8/2018 15:09,10/8/2018 16:11,62.75,HP ProDesk 600 G3 SFF,MM100001,MiSCUG Demo - Windows (64bit) v 0.0,Failure,Send Hardware Inventory. ,TRUE,FALSE,TRUE
PC0482,10/8/2018 14:24,10/8/2018 16:12,107.87,HP EliteBook 840 G3,MM100001,MiSCUG Demo - Windows (64bit) v 0.0,Success,Success,FALSE,FALSE,FALSE
PC0483,10/8/2018 15:23,10/8/2018 16:15,51.58,HP ProDesk 600 G3 SFF,MM100001,MiSCUG Demo - Windows (64bit) v 0.0,Success,Success,FALSE,FALSE,FALSE
PC0484,10/8/2018 15:28,10/8/2018 16:25,56.92,HP ProDesk 600 G3 MT,MM100001,MiSCUG Demo - Windows (64bit) v 0.0,Success,Success,FALSE,FALSE,FALSE
PC0485,10/8/2018 15:11,10/8/2018 16:26,74.58,HP Compaq Pro 6300 SFF,MM100001,MiSCUG Demo - Windows (64bit) v 0.0,Success,Success,FALSE,FALSE,FALSE
PC0486,10/8/2018 15:42,10/8/2018 16:37,55.42,HP ProDesk 400 G3 DM,MM100001,MiSCUG Demo - Windows (64bit) v 0.0,Success,Success,FALSE,FALSE,FALSE
PC0487,10/8/2018 15:24,10/8/2018 16:38,73.43,HP ProDesk 600 G3 SFF,MM100001,MiSCUG Demo - Windows (64bit) v 0.0,Failure,Send Hardware Inventory. ,TRUE,FALSE,TRUE
PC0488,10/8/2018 15:24,10/8/2018 16:49,85.05,HP Z240 Tower Workstation,MM100001,MiSCUG Demo - Windows (64bit) v 0.0,Success,Success,FALSE,FALSE,FALSE
PC0490,10/8/2018 15:57,10/8/2018 17:13,75.55,HP EliteBook 840 G5,MM100001,MiSCUG Demo - Windows (64bit) v 0.0,Failure,Send Hardware Inventory. ,TRUE,FALSE,TRUE
PC0491,10/8/2018 15:55,10/8/2018 17:14,79.12,VMware Virtual Platform,MM100001,MiSCUG Demo - Windows (64bit) v 0.0,Success,Success,FALSE,FALSE,FALSE
PC0492,10/8/2018 15:54,10/8/2018 17:18,84.02,VMware Virtual Platform,MM100001,MiSCUG Demo - Windows (64bit) v 0.0,Success,Success,FALSE,FALSE,FALSE
PC0493,10/8/2018 16:19,10/8/2018 17:19,59.87,HP ProDesk 400 G3 DM,MM100001,MiSCUG Demo - Windows (64bit) v 0.0,Success,Success,FALSE,FALSE,FALSE
PC0494,10/8/2018 15:55,10/8/2018 17:33,97.73,HP ProDesk 600 G3 SFF,MM100001,MiSCUG Demo - Windows (64bit) v 0.0,Success,Success,FALSE,FALSE,TRUE
PC0495,10/8/2018 16:58,10/8/2018 17:59,61.27,HP ProDesk 400 G3 DM,MM100001,MiSCUG Demo - Windows (64bit) v 0.0,Success,Success,FALSE,FALSE,FALSE
PC0496,10/8/2018 16:44,10/8/2018 18:01,76.32,HP EliteBook Folio 1040 G1,MM100001,MiSCUG Demo - Windows (64bit) v 0.0,Success,Success,FALSE,FALSE,FALSE
PC0497,10/8/2018 16:50,10/8/2018 18:09,79.15,HP EliteBook 840 G3,MM100001,MiSCUG Demo - Windows (64bit) v 0.0,Success,Success,FALSE,FALSE,FALSE
PC0498,10/8/2018 17:13,10/8/2018 18:11,58.68,HP ProDesk 600 G1 SFF,MM100001,MiSCUG Demo - Windows (64bit) v 0.0,Success,Success,FALSE,FALSE,FALSE
PC0499,10/8/2018 17:13,10/8/2018 18:12,58.98,HP ProDesk 600 G1 SFF,MM100001,MiSCUG Demo - Windows (64bit) v 0.0,Success,Success,FALSE,FALSE,FALSE
PC0500,10/8/2018 17:13,10/8/2018 18:12,58.47,HP ProDesk 600 G1 SFF,MM100001,MiSCUG Demo - Windows (64bit) v 0.0,Success,Success,FALSE,FALSE,FALSE
